Smiles,ID
CN,DNA
CNC(=O)[C@H](CN)NC(=O)OCC1c2ccccc2-c2ccccc21,A1
CNC(=O)CNCCNC(=O)OCC1c2ccccc2-c2ccccc21,A2
CNC(=O)[C@H](N)CCNC(=O)OCC1c2ccccc2-c2ccccc21,A3
CNC(=O)C[C@@H](CN)NC(=O)OCC1c2ccccc2-c2ccccc21,A4
CNC[C@H](NC(=O)OCC1c2ccccc2-c2ccccc21)C(=O)NC,A5
CNC(=O)CN(C(=O)OCC1c2ccccc2-c2ccccc21)C1CNC1,A6
CNC(=O)[C@@H]1CN(C(=O)OCC2c3ccccc3-c3ccccc32)CCN1,A7
CNC(=O)[C@@H]1C[C@@H](NC(=O)OCC2c3ccccc3-c3ccccc32)CN1,A8
CNC(=O)[C@H]1C[C@H](N)CN1C(=O)OCC1c2ccccc2-c2ccccc21,A9
CNC(=O)[C@H](CCCN)NC(=O)OCC1c2ccccc2-c2ccccc21,A10
CC(C)(C)OC(NC[C@@H](C(O)=O)NC(OCC1c(cccc2)c2-c2c1cccc2)=O)=O,AX
CNC([C@@H](CC(OC)=O)CN)=O,AY
O=C(C(NC(OC(C)(C)C)=O)N)NC,AZ
OC(CNC(OC(C)(C)C)=O)=O,L1
OC(C(NC(OC(C)(C)C)=O)NC(OCC1c(cccc2)c2-c2c1cccc2)=O)=O,L2
NCCCCNC(OC(C)(C)C)=O,L3
OC(CCCNC(OC(C)(C)C)=O)=O,L4
CNC(=O)[C@@H]1C[C@H]1N,B1dna
CNC(=O)C[C@@H](C)N,B2dna
CNC(=O)C[C@H](N)CO,B3dna
C#CC[C@H](N)CC(=O)NC,B4dna
CNC(=O)C[C@@H](N)CC(N)=O,B5dna
CNC(=O)C[C@H](N)CC(C)C,B6dna
CC[C@H](C)[C@H](N)CC(=O)NC,B7dna
CNC(=O)CC1(N)CCCCC1,B8dna
CNC(=O)CC1(N)CCOCC1,B9dna
CNC(=O)C[C@@H](N)CCC(N)=O,B10dna
CNC(=O)C[C@H](N)C/C=C/c1ccccc1,B11dna
CNC(=O)[C@@H](CC(C)C)NC,B12dna
CCC[C@@H](N)C(=O)NC,B13dna
C#CC[C@@H](N)C(=O)NC,B14dna
CNC(=O)[C@@](C)(N)CO,B15dna
CNC(=O)[C@@H](N)CC(C)(C)C,B16dna
CNC(=O)[C@H](CCN)NC(C)=O,B17dna
CCCC(N)(CCC)C(=O)NC,B18dna
CNC(=O)C1(N)CC2(CCC2)C1,B19dna
CNC(=O)[C@@H](N)CCCCN(C)C,B20dna
CNC(=O)[C@H](N)CCCNC(N)=O,B21dna
CNC(=O)[C@H](N)CC1CCCCC1,B22dna
CNC(=O)[C@@H](N)CCCCNC(C)=O,B23dna
CNC(=O)[C@@H](N)CCCCNC(N)=O,B24dna
CNC(=O)CCC(C)(C)N,B25dna
CNC(=O)CCCCN,B26dna
CNC(=O)C[C@@H](O)CN,B27dna
CNC(=O)CC(C)(C)CN,B28dna
CNC(=O)CC1(CN)COC1,B29dna
CNC(=O)[C@@H](N)[C@H](O)c1cccnc1,B30dna
CNC(=O)[C@@H](N)[C@H](O)c1ccccc1,B31dna
CNC(=O)[C@@H](N)[C@H](O)c1ccc(Cl)cc1,B32dna
CNC(=O)[C@@H]1CC[C@H]1N,B33dna
CNC(=O)[C@@H]1COC[C@@H]1N,B34dna
CNC(=O)[C@@H]1[C@@H]2C=C[C@@H](C2)[C@@H]1N,B35dna
CNC(=O)[C@H]1[C@H]2CC[C@H](C2)[C@@H]1N,B36dna
CNC(=O)[C@@H]1[C@H]2C=C[C@H](O2)[C@@H]1N,B37dna
CNC(=O)[C@@H]1CSCN1,B38dna
CNC(=O)[C@@H]1CSCCN1,B39dna
CNC(=O)[C@@H]1CNC(=O)CN1,B40dna
CNC(=O)C[C@H]1CCCCN1,B41dna
CNC(=O)[C@H]1CC[C@@H](N)C1,B42dna
CNC(=O)[C@H]1CCC[C@H](N)C1,B43dna
CNC(=O)[C@H]1C[C@@H](N)CC(F)(F)C1,B44dna
CNC(=O)C[C@H]1C[C@@H](N)C1,B45dna
CNC(=O)[C@H]1CC[C@H]1CN,B46dna
CNC(=O)[C@H]1C[C@H](CN)C1,B47dna
CNC(=O)C1(CN)CCCCC1,B48dna
CNC(=O)[C@H]1CCN[C@H]1C,B49dna
CNC(=O)C1[C@H]2CN[C@@H]1C2,B50dna
CNC(=O)[C@]12CCN[C@H]1C2,B51dna
CNC(=O)C1C[C@@H]2CC[C@H]1N2,B52dna
CNC(=O)[C@@]12C[C@H]3CC[C@H](N3)[C@@H]1C2,B53dna
CNC(=O)[C@H]1CCN[C@@H]1c1ccccc1,B54dna
CNC(=O)[C@H]1NCC[C@@H]1C,B55dna
CNC(=O)[C@@H]1NCC[C@@H]1O,B56dna
CNC(=O)[C@H]1N[C@@H]2CC[C@H]1C2,B57dna
CNC(=O)[C@]12C[C@H]1CCCN2,B58dna
CNC(=O)[C@@H]1C[C@@H](C#N)CN1,B59dna
CNC(=O)[C@@H]1CCCCCN1,B60dna
CNC(=O)[C@H]1CC(C)(C)CN1,B61dna
CNC(=O)[C@@H]1CC(=O)CCN1,B62dna
CNC(=O)[C@@H]1C[C@H](N=[N+]=[N-])CN1,B63dna
C#CC[C@@]1(C(=O)NC)CCCN1,B64dna
CNC(=O)[C@@H]1C[C@@H]2CCC[C@@H]2N1,B65dna
CNC(=O)[C@@H]1NC[C@@H]2CCC[C@@H]21,B66dna
CNC(=O)[C@H]1CC[C@@H](c2ccccc2)N1,B67dna
CNC(=O)[C@@H]1C[C@@H](c2ccccc2)CN1,B68dna
CNC(=O)[C@@H]1C[C@@H](Cc2ccccc2)CN1,B69dna
CNC(=O)[C@@H]1C[C@H](Oc2ccccc2)CN1,B70dna
CNC(=O)[C@@H]1C[C@@H](OCc2ccccc2)CN1,B71dna
CNC(=O)[C@]1(O)CCNC1,B72dna
CNC(=O)[C@H]1[C@H]2CNC[C@H]21,B73dna
CNC(=O)C[C@@H]1CCCNC1,B74dna
CNC(=O)[C@H]1C[C@@H]2CNC[C@@H]2C1,B75dna
CNC(=O)[C@@H]1C[C@H]2CCNC[C@H]21,B76dna
CNC(=O)[C@H]1CC12CNC2,B77dna
CNC(=O)[C@]12CC[C@H]1CNC2,B78dna
CNC(=O)[C@]12CNC[C@H]1COC2,B79dna
CNC(=O)[C@H]1CNC[C@@H]1c1ccsc1,B80dna
CNC(=O)[C@H](N)CN(C)C,B81dna
CNC(=O)[C@@H](N)Cn1cccn1,B82dna
CNC(=O)C[C@H](N)C(N)=O,B83dna
CNC(=O)[C@H](N)C1CCCC1,B84dna
CNC(=O)[C@@H](N)[C@]12C[C@H]3C[C@H](C[C@H](C3)C1)C2,B85dna
CNC(=O)[C@H]1C[C@H](N)CN1C,B86dna
CNC(=O)[C@H]1CCCNCC1,B87dna
CNC(=O)C1(C2CC2)CCNCC1,B88dna
CNC(=O)C1(C2CCCCC2)CCNCC1,B89dna
CNC(=O)[C@@H](N)c1cccs1,B90dna
CNC(=O)C[C@H](N)c1ccco1,B91dna
CNC(=O)[C@H]1NCCO[C@@H]1C,B92dna
CNC(=O)[C@H]1NC(C)(C)O[C@@H]1C,B93dna
CNC(=O)C[C@@H]1CNCCO1,B94dna
CNC(=O)CC1(OC)CNC1,B95dna
CNC(=O)c1ccc(CN)o1,B96dna
CNC(=O)[C@@H]1CO[C@H](CN)C1,B97dna
CNC(=O)[C@@H](N)Cc1cscn1,B98dna
CNC(=O)[C@@H](N)Cc1c[nH]cn1,B99dna
CNC(=O)[C@H](N)Cc1cn(C)cn1,B100dna
CNC(=O)[C@H](N)Cc1cn(Cc2ccccc2)cn1,B101dna
CNC(=O)c1cccc(CN)c1,B102dna
CNC(=O)c1ccc(CN)cc1,B103dna
CNC(=O)COc1cccc(CN)c1,B104dna
CNC(=O)c1ccccc1CN,B105dna
CNC(=O)[C@@H](O)[C@@H](N)CC(C)C,B106dna
CNC(=O)C[C@H](O)[C@@H](N)CC1CCCCC1,B107dna
CNC(=O)c1ccc2c(c1)CNC2,B108dna
CNC(=O)[C@@](C)(N)c1cccnc1,B109dna
CNC(=O)[C@H](N)c1ccccc1OC,B110dna
CNC(=O)[C@@H](N)Cc1ccncc1,B111dna
CNC(=O)[C@H](N)Cc1ccccn1,B112dna
CNC(=O)[C@](C)(N)Cc1ccccc1,B113dna
CNC(=O)[C@H](N)Cc1cccc(C)c1,B114dna
CNC(=O)[C@H](N)Cc1ccccc1C,B115dna
CNC(=O)[C@@H](N)Cc1cccc(Cl)c1,B116dna
CNC(=O)[C@H](N)Cc1ccc(F)cc1,B117dna
CNC(=O)[C@H](N)Cc1ccccc1F,B118dna
CNC(=O)[C@@H](N)Cc1cccc(O)c1,B119dna
CNC(=O)[C@@H](N)Cc1ccc(F)c(F)c1,B120dna
CNC(=O)[C@H](N)Cc1cc(F)cc(F)c1,B121dna
CNC(=O)[C@](C)(N)Cc1ccc(F)cc1,B122dna
CNC(=O)[C@H](N)Cc1ccc(OC)cc1,B123dna
CNC(=O)[C@@H](N)Cc1ccccc1C(N)=O,B124dna
CNC(=O)[C@H](N)Cc1cccc(C(N)=O)c1,B125dna
CNC(=O)[C@H](N)Cc1ccc(C(N)=O)cc1,B126dna
CNC(=O)[C@H](N)Cc1ccc2ccccc2n1,B127dna
CNC(=O)[C@@H](N)Cc1ccc(NC(C)=O)cc1,B128dna
CNC(=O)[C@H](N)Cc1ccc(OC)c(OC)c1,B129dna
CNC(=O)C[C@H](N)c1cccnc1,B130dna
CNC(=O)C[C@@H](N)c1ccccc1,B131dna
CNC(=O)C[C@H](N)c1ccccc1C,B132dna
CNC(=O)C[C@H](N)c1cccc(Cl)c1,B133dna
CNC(=O)C[C@H](N)c1ccccc1Cl,B134dna
CNC(=O)C[C@@H](N)c1cccc(F)c1,B135dna
CNC(=O)C[C@@H](N)c1ccccc1F,B136dna
CNC(=O)C[C@H](N)c1ccc(Br)cc1,B137dna
CNC(=O)C[C@H](N)c1cccc(O)c1,B138dna
CNC(=O)C[C@H](N)c1ccc(OC)nc1,B139dna
CNC(=O)C[C@@H](N)c1cccc(OC)c1,B140dna
CNC(=O)C[C@H](N)c1ccccc1OC,B141dna
CNC(=O)C[C@H](N)c1ccc(OC)c(OC)c1,B142dna
CNC(=O)C[C@@H](N)c1ccc(-c2ccccc2)cc1,B143dna
CNC(=O)c1cccc(CCN)c1,B144dna
CNC(=O)c1ccc(CCN)cc1,B145dna
CNC(=O)Cc1cccc(CN)c1,B146dna
CNC(=O)Cc1ccc(CN)cc1,B147dna
CNC(=O)Cc1ccccc1CN,B148dna
CNC(=O)C[C@H](N)Cc1ccco1,B149dna
CNC(=O)[C@H](N)[C@@H](O)c1ccco1,B150dna
CNC(=O)[C@H](N)[C@@H](O)c1cccs1,B151dna
CNC(=O)C[C@H](N)Cc1cccnc1,B152dna
CNC(=O)C[C@H](N)Cc1ccccc1,B153dna
CNC(=O)C[C@H](N)Cc1cccc(C)c1,B154dna
CNC(=O)C[C@H](N)Cc1ccccc1C,B155dna
CNC(=O)C[C@@H](N)Cc1cccc(F)c1,B156dna
CNC(=O)C[C@H](N)Cc1ccc(F)cc1,B157dna
CNC(=O)C[C@H](N)Cc1ccc(Br)cc1,B158dna
CNC(=O)C[C@@H](N)Cc1cc(F)c(F)cc1F,B159dna
CNC(=O)C[C@H](N)Cc1ccccc1C(F)(F)F,B160dna
CNC(=O)[C@@H](CN)Cc1ccccc1,B161dna
CNC(=O)C(CN)Cc1ccc(F)cc1,B162dna
CNC(=O)[C@H]1Cc2ccccc2CN1,B163dna
CNC(=O)[C@@H]1Cc2nccnc2CN1,B164dna
CNC(=O)[C@H](O)[C@H](N)c1ccc(C(F)(F)F)cc1,B165dna
CNC(=O)[C@H]1NC[C@@H]1c1ccccc1,B166dna
CNC(=O)[C@]1(Cc2ccccc2)CCCN1,B167dna
CNC(=O)[C@@]1(Cc2ccccc2)CCCN1,B168dna
CNC(=O)[C@@]1(Cc2ccc(F)cc2)CCCN1,B169dna
CNC(=O)c1ccc2c(c1)CNCC2,B170dna
CNC(=O)c1cccc2c1CCNC2,B171dna
CNC(=O)c1ccc2c(c1)CCNC2,B172dna
CNC(=O)c1ccc2c(c1)CCNCC2,B173dna
CNC(=O)C1CNCc2ccnn2C1,B174dna
CNC(=O)[C@H]1CNC[C@@H]1c1cccnc1,B175dna
CNC(=O)[C@@H]1CNC[C@H]1c1ccccc1,B176dna
CNC(=O)[C@H]1CNC[C@@H]1c1cccc(C)c1,B177dna
CNC(=O)[C@H]1CNCC[C@H]1c1ccccc1,B178dna
CNC(=O)[C@H]1CNC[C@@H]1c1cccc(Cl)c1,B179dna
CNC(=O)[C@@H]1CNC[C@H]1c1ccccc1Cl,B180dna
CNC(=O)[C@H]1CNC[C@@H]1c1cccc(F)c1,B181dna
CNC(=O)[C@@H]1CNC[C@H]1c1ccc(Br)cc1,B182dna
CNC(=O)[C@H]1CNC[C@@H]1c1ccc(O)cc1,B183dna
CNC(=O)[C@H]1CNC[C@@H]1c1cccc(C#N)c1,B184dna
CNC(=O)[C@H]1CNC[C@@H]1c1ccc(OC)nc1,B185dna
CNC(=O)[C@H]1CNC[C@@H]1c1cc(Cl)ccc1Cl,B186dna
CNC(=O)C1(Cc2cccc(Br)c2)CCNC1,B187dna
CNC(=O)[C@H]1CNC[C@@H]1c1cccc(OC)c1,B188dna
CNC(=O)[C@@H]1CNC[C@H]1c1ccc(OC)cc1,B189dna
CNC(=O)[C@H]1CNC[C@@H]1c1ccc(OC)c(OC)c1,B190dna
CNC(=O)C[C@@H]1Cc2ccccc2CN1,B191dna
CNC(=O)[C@@]1(Cc2ccsc2)CCCN1,B192dna
CNC(=O)[C@]1(Cc2ccco2)CCCN1,B193dna
CNC(=O)c1ccc2c(c1)CNCCO2,B194dna
CNC(=O)[C@@H](N)Cc1csc2ccccc12,B195dna
CNC(=O)C[C@@H](N)Cc1c[nH]c2ccccc12,B196dna
CNC(=O)[C@]1(N)CC[C@@H](c2ccccc2)CC1,B197dna
CNC(=O)[C@@H]1Cc2c([nH]c3ccccc23)CN1,B198dna
CNC(=O)[C@H](CN)NS(=O)(=O)c1ccccc1,B199dna
CNC(=O)C1(c2cccc3ccccc23)CCNCC1,B200dna
Cc1ccc(/C=C/C(O)=O)cc1,C1
OC(CCc1ccccc1)=O,C2
Cn1c(C(O)=O)cc(S(C)(=O)=O)c1,C3
CCOc(c(OC)c1)cc([N+]([O-])=O)c1C(O)=O,C4
CC(C)(C(O)=O)F,C5
OC(CS(CC1OCCC1)(=O)=O)=O,C6
OC(CN(C1)Cc2c1cccc2)=O,C7
OC(c1cc(Cl)c(Nc(cc2)ccc2Cl)nc1)=O,C8
CN(C1CCCCC1)C(CSCC(O)=O)=O,C9
C#CCC(O)=O,C10
CC(C)(Cc1ccc2)Oc1c2OCC(O)=O,C11
CCC1(CC1)C(O)=O,C12
CN(C1N=CN(CC(O)=O)C1C(N1C)=O)C1=O,C13
[O-][N+](c(ccc(C(O)=O)c1)c1Sc(cc1)ccc1Cl)=O,C14
CC(C)OCCC(O)=O,C15
Cc(ccc(O)c1)c1C(O)=O,C16
CC(C)(C(N1CC(O)=O)=O)NC1=O,C17
OC(COc(cc1)ccc1F)=O,C18
CN(CCC1)CC1c1cccc(C(O)=O)c1,C19
CC(C)(C)n1nnc(C(O)=O)n1,C20
OC(COCC1COCC1)=O,C21
OC(c1c2[nH]ccc2ccc1)=O,C22
OC(CCc(cc1)ccc1Br)=O,C23
CN(C)C(CSCC(O)=O)=O,C24
CC(C)(C)CC#CC(O)=O,C25
CN(CC1)CCN1S(CC(O)=O)(=O)=O,C26
CC(c1ccccc1)Oc(cc1)ncc1C(O)=O,C27
CC(C)C(C(O)=O)OC,C28
COc(c(C(O)=O)c1)cc(-n2cccc2)c1Cl,C29
O[C@H](CC(C(O)=O)=C[C@H]1O)[C@@H]1O,C30
CS(c1cc(C(O)=O)ccc1)(=O)=O,C31
OC(CN(CCC(N1)=O)C1=O)=O,C32
OC(CCc(cc1)ccc1O)=O,C33
OC(COCC1OCCC1)=O,C34
OC(c1nccnc1-c1nc(cccc2)c2s1)=O,C35
CC(C)(C)n1ncc(C(O)=O)c1C(F)(F)F,C36
COc(cc1)cc(CC(O)=O)c1Br,C37
CC1(CC1)C(O)=O,C38
CN(C1CCCCC1)C(CN(CCCC1)C1C(O)=O)=O,C39
Cc1c(COCC(O)=O)cccc1,C40
OC(c(cc1)cc2c1[nH]nc2)=O,C41
CC(C(O)=O)N(C)CC(F)(F)F,C42
N#Cc1ccc(CCC(O)=O)cc1,C43
OC(c1ccc(NC(Nc2ccccc2)=O)s1)=O,C44
OC(c(c(C(F)(F)F)ccc1)c1F)=O,C45
OC(CSCC1OCCC1)=O,C46
CC(C(O)=O)OC,C47
CN(c(n(CC(O)=O)cc1)c1C(N1C)=O)C1=O,C48
Cc(cc1)c(C)c(O)c1C(O)=O,C49
OC(C1(CC1)C(F)(F)F)=O,C50
CN(C)CCCC(O)=O,C51
COc(c(OCc1ccccc1)c1)cc(C(O)=O)c1[N+]([O-])=O,C52
CC(C1)(C2)CC(C)(C)CC1N2S(c1cc(C(O)=O)ccc1)(=O)=O,C53
CN(C)C(Cn1nnc(C(O)=O)c1)=O,C54
OC(CCc1cnccc1)=O,C55
OC(CN(CC1)Cc2c1scc2)=O,C56
OC(c(nc(cc1)-n2c(cccc3)c3nc2)c1Cl)=O,C57
CC(C)(CC=C)C(O)=O,C58
CC(C)Oc(cc(cc1)OC)c1C(O)=O,C59
OC(CSC(CC1)CS1(=O)=O)=O,C60
CCc(cc1)ccc1OCC(O)=O,C61
OC([C@H](CC1)O[C@H]1C(N1CCCC1)=O)=O,C62
OC(c(cc1)cc2c1C=CCC2)=O,C63
OC(COCC1CC1)=O,C64
OC(c1nccc2c1[nH]c1c2cccc1)=O,C65
NC(C1(CC1)C(O)=O)=O,C66
CC(C)n1nccc1-n1c(C)c(/C=C/C(O)=O)cc1C,C67
CS(c(cc1)ccc1C(O)=O)(=O)=O,C68
OC(CN(CC1)CCS1(=O)=O)=O,C69
CCc1ccc(CCC(O)=O)cc1,C70
OC(c(cc(cc1)O)c1F)=O,C71
OC(CCNC(NC1(C[C@H](C2)C3)C[C@H]3C[C@H]2C1)=O)=O,C72
CCC(C)(C(O)=O)OC,C73
OC(CN(C1)c(cccc2)c2NC1=O)=O,C74
CC(C)n1ncc(c(C(O)=O)c2)c1nc2-c1cccs1,C75
OC(CCCc1ccccc1)=O,C76
CC(C)(C)CN(C)CC(O)=O,C77
Cc(cc(cc1)OC)c1C(O)=O,C78
NC(C(C(N1)=O)=CN(CC(O)=O)C1=O)=O,C79
OC(Cc(cc(cc1)Br)c1F)=O,C80
OC(C(COCC1)N1C1CCCC1)=O,C81
N#Cc(cc1)ccc1OCC(O)=O,C82
OC(C=C(C1CC1)C1CC1)=O,C83
CC(N(CC1)CCN1S(c1cc(C(O)=O)ccc1)(=O)=O)=O,C84
CC(C)c1cc(C(O)=O)nn1C(C)(C)C,C85
C#CCCC(O)=O,C86
Cc(c(C(O)=O)ccc1)c1Br,C87
CC1(c2ncc(C(O)=O)s2)OCCO1,C88
CC(C)c1ccc(CCC(O)=O)cc1,C89
OC(c1cccnc1Nc(cc1)cc(Cl)c1Cl)=O,C90
COC([C@@H](CC1)C[C@@H]1C(O)=O)=O,C91
CN(CC(O)=O)S(c(s1)ccc1Cl)(=O)=O,C92
CC(C)Oc(c(OC)cc(C(O)=O)c1)c1Cl,C93
CC(CO)(CO)C(O)=O,C94
OC(c1c(CN2CCOCC2)cccc1)=O,C95
CC(C)COC(C)C(O)=O,C96
OC(c(c(O)c(cc1)O)c1F)=O,C97
CC(C(N1CC(O)=O)=O)(c2ccc(C)cc2)NC1=O,C98
OC(c1c(Nc2ccccc2)scn1)=O,C99
OC(COC1CCOCC1)=O,C100
Cc(cc1)ccc1SCC(O)=O,C101
CN(C)C(C1CC1)C(O)=O,C102
COc(cc1)ccc1S(c(cc1)ncc1C(O)=O)(=O)=O,C103
CC(C(N(C)CC(O)=O)=O)n1nccc1,C104
CC(C)(C(C)=Nc1ccc2)c1c2C(O)=O,C105
CCOCCC(O)=O,C106
OC(CCc(cc1)ccc1F)=O,C107
CN(C(C(SCC(O)=O)=NN1C)=O)C1=O,C108
OC(c(cc1)cc2c1[nH]cc2)=O,C109
CCC(C)(C)C(O)=O,C110
[O-][N+](c(c(C(O)=O)ccc1)c1Cl)=O,C111
CC(C)([C@@H](CC1)C2)[C@@]1(C(O)=O)C2=O,C112
OC(Cc(cccc1)c1OC(F)(F)F)=O,C113
OC(CN(CCCCCC1)C1=O)=O,C114
CC(C)n1ncc2cc(C(O)=O)c(C)nc12,C115
OC(COCc1cnccc1)=O,C116
OC(CCSC1CCCC1)=O,C117
Cc1ccc(CCC(O)=O)cc1,C118
OC(CSc1nnc(-c2cccs2)n1C1CC1)=O,C119
N#Cc(c(Oc(cc1)ccc1C(O)=O)ccc1)c1F,C120
COC(C1(CC1)C(O)=O)=O,C121
Cc(c(C(O)=O)ccc1)c1Cl,C122
Cc(c1cc(C(O)=O)cnc11)nn1-c1nc(cccc2)c2[nH]1,C123
OC([C@H](CC1)CC[C@@H]1N1CCOCC1)=O,C124
OC(COC1COCC1)=O,C125
CN(c1cccc(Cl)c1)S(c1cc(C(O)=O)ccc1)(=O)=O,C126
COc(c(OC)c1)cc(CC(O)=O)c1Br,C127
CC(C)n1c(C(O)=O)cc(Br)c1,C128
CC(C)(C(O)=O)O,C129
CC(C)CNC(N(CCC1)CC1C(O)=O)=O,C130
NC(c1cccnc1Sc(cc1)ccc1C(O)=O)=O,C131
COc1ccc(CCC(O)=O)cc1,C132
OC(c(o1)ccc1S(N1CCOCC1)(=O)=O)=O,C133
Cc(cc(cc1)O)c1C(O)=O,C134
COC1(CC(O)=O)CCC1,C135
CCc1n[nH]c(SCC(O)=O)n1,C136
CC(C)(Cc1ccccc1)C(O)=O,C137
OC(c1cccc(F)c1Cl)=O,C138
OC(CN1CCCCCC1)=O,C139
CC(C)n(c1nc(-c2ccco2)c2)ncc1c2C(O)=O,C140
CC(C(O)=O)OCC1CC1,C141
Cn(c(C(O)=O)c1)c(N(C)C(N2C)=O)c1C2=O,C142
Cc(ccc(Br)c1)c1C(O)=O,C143
OC(COc1cccc(F)c1)=O,C144
OC(C(CC1)CCC1(F)F)=O,C145
COc(cc1)cc([nH]2)c1nc2Sc1ncccc1C(O)=O,C146
CC(C)([C@@H](C(O)=O)N([C@@H]1C2)C2=O)S1(=O)=O,C147
NC(c1cccc(C(O)=O)c1)=O,C148
Cc(cc1)c(CC(O)=O)cc1Br,C149
Cc1nn(C(CC(C2)C3)(CC2C2)CC23C(O)=O)nn1,C150
CCOc(cc1)ccc1OCC(O)=O,C151
Cc(ccc(F)c1)c1Nc(ncc(C(O)=O)c1)c1Cl,C152
CN(CC(O)=O)C(CC1)CS1(=O)=O,C153
CC(C)(C)n(c(C1CC1)c1)nc1C(O)=O,C154
CC(C)Cc(cc1)ccc1C(O)=O,C155
CN(C)S(c1ccc(C(O)=O)o1)(=O)=O,C156
OC(CC1OCCCC1)=O,C157
Cc(cc1C(O)=O)cc(Br)c1O,C158
CC(C)C(C(O)=O)SCc1ccccc1,C159
NC(NCCC(O)=O)=O,C160
Cc(c(C(O)=O)ccc1)c1[N+]([O-])=O,C161
CC(C)(C)c1nc(C(O)=O)cs1,C162
CC(C)Cc1ccc(CCC(O)=O)cc1,C163
OC(CSCC(N1CCOCC1)=O)=O,C164
CC(C)Oc(c(OC)cc(/C=C/C(O)=O)c1)c1Cl,C165
OC([C@@H](CN(Cc1ccccc1)C1)[C@H]1C1CC1)=O,C166
OC(c1cccnc1Nc1cccc(F)c1)=O,C167
OC(CN(C=CC=C1C(F)(F)F)C1=O)=O,C168
COc1cc(Br)c(CCC(O)=O)cc1,C169
OC(COC1CCCCC1)=O,C170
NC(c(cc1)ncc1C(O)=O)=O,C171
OC(C(C1)Oc(cccc2)c2N1C=O)=O,C172
CC(C)(C(Cl)=C)C(O)=O,C173
Cc(cc1)c(C)cc1Sc1ncccc1C(O)=O,C174
CC(C)(CC(N1CC(O)=O)=O)C1=O,C175
OC(CCCc(cc1)ccc1I)=O,C176
CN(C)Cc(cccc1)c1C(O)=O,C177
CC(C)(C(O)=O)N(CC1)CCS1(=O)=O,C178
OC(CN1N=C(CCCC2)N2C1=O)=O,C179
N#Cc(cc1)cc(C(O)=O)c1F,C180
CC(C)C(C(O)=O)O,C181
CC(N(CC1)CCN1S(c(cc1)ccc1C(O)=O)(=O)=O)=O,C182
OC(CCc1cccc(Cl)c1)=O,C183
OC(c1c(C(F)(F)F)scn1)=O,C184
OC(c(cc1)ccc1Nc1cnccc1)=O,C185
O[C@]1(C[C@@H](C2)C3)C[C@@]3(CC(O)=O)C[C@H]2C1,C186
OC(CN(C1)c(cccc2)c2OC1=O)=O,C187
CCC(C(O)=O)OCC,C188
COc(cc(C(O)=O)c([N+]([O-])=O)c1)c1F,C189
CN(c(sc(C(O)=O)c1)c1C(N1C)=O)C1=O,C190
Cc(c(C(O)=O)ccc1)c1F,C191
COC(Cc1ccccc1)C(O)=O,C192
CN(C)C1(CC(O)=O)CCCC1,C193
Cc1nc(c(scc2)c2c(OCC(O)=O)c2)c2s1,C194
CCN(CC)C(N(CCC1)CC1C(O)=O)=O,C195
CC(C)c(cc1)c(C)cc1Oc(cc1)ncc1C(O)=O,C196
CN(CC(O)=O)C(c(o1)ccc1Br)=O,C197
CC(C)n1nnc(C(O)=O)c1C,C198
CC(C)(CO)C(O)=O,C199
OC(c1c(CCC2)c2ccc1)=O,C200
CC(C)CCOC(C)C(O)=O,C201
OC(CSc1ncc(C(F)(F)F)cc1)=O,C202
[O-][N+](c(cccc1C(O)=O)c1Cl)=O,C203
NC(CN(CCC1)CC1C(O)=O)=O,C204
Cc1cc(CC(O)=O)c(C)cc1,C205
OC(CNC(Nc1ccccc1)=O)=O,C206
OC(CC1OCCC1)=O,C207
CC(C)(C)n(c1nc(C2CC2)c2)nc(C)c1c2C(O)=O,C208
N#Cc1cc(C(O)=O)cc(O)c1,C209
OC(CN1N=C(CCCCC2)N2C1=O)=O,C210
OC(COc(cccc1)c1Br)=O,C211
OC(CCCc(cc1)ccc1F)=O,C212
CC(C)(C)N(CC(C1)C(O)=O)C1=O,C213
Cc(ccc(SC)c1)c1C(O)=O,C214
CCC(CC)C(C(O)=O)N1CCOCC1,C215
OC(c(cc1)cnc1-n1c(cccc2)c2nc1)=O,C216
COCCC1(CC1)C(O)=O,C217
OC(c1cc(-c2ccccc2)cc(Cl)c1O)=O,C218
CN(CC(O)=O)C(c(s1)ccc1Br)=O,C219
OC(/C=C/c1nc(cccc2)c2o1)=O,C220
OC(CCS(C1CCCC1)(=O)=O)=O,C221
CN(CC(O)=O)Cc1ccccc1,C222
Cc(nc1)nc(C2CC2)c1C(O)=O,C223
OC(c1ccc(C(F)(F)F)s1)=O,C224
COc(cc1)cc(CC(O)=O)c1OC,C225
Cc1nn(C2(CC(C3)C4)CC4(CC(O)=O)CC3C2)nn1,C226
NC(Nc(cc1)ccc1C(O)=O)=N,C227
CCC(C(O)=O)OC1CCCC1,C228
Cc(ccc(Cl)c1)c1C(O)=O,C229
OC(CN1N=Cn2nccc2C1=O)=O,C230
COc1cc(CCC(O)=O)cc(OC)c1,C231
CC(C)(CC(O)=O)O,C232
CN(C)S(c(cc1)ncc1C(O)=O)(=O)=O,C233
OC(CN(C(C(CC1)(c2c1cccc2)N1)=O)C1=O)=O,C234
OC(c1c2[nH]cnc2cc(F)c1)=O,C235
CCOC(C1(CCC1)C(O)=O)=O,C236
OC(C#Cc1cccs1)=O,C237
O[C@@H](Cc1ccccc1)C(O)=O,C238
OC(C(CCCC1)N1C1CCCC1)=O,C239
Cc(nc(c(C(O)=O)c1)OC)c1Br,C240
OC(CN(C1)c(cc(cc2)Cl)c2OC1=O)=O,C241
CC(c(cc(cc1)C(O)=O)c1O)=O,C242
OC([C@@H]1[C@@H](CC2)O[C@@H]2C1)=O,C243
OC(CCc(cc1)ccc1Cl)=O,C244
CC(C(N1)=O)=CN(CC(O)=O)C1=O,C245
CN(C)CC(O)=O,C246
COc(c(C(O)=O)c1)cc(-n2nnnc2)c1Cl,C247
CC(CC1)CCN1S(CC(O)=O)(=O)=O,C248
OC(c1cc(C2COCC2)ccc1)=O,C249
OC(c1cccnc1SC(F)(F)F)=O,C250
CC(C)N1CC(CC(O)=O)CCC1,C251
OC(CCc(ccc(Br)c1)c1F)=O,C252
CN(C)C(C(O)=O)c1cncn1C,C253
COc1cc(C(O)=O)cc([N+]([O-])=O)c1OC,C254
CC(C(O)=O)OC1CCCCC1,C255
Cc(ccc(F)c1)c1C(O)=O,C256
OC(CN(CCOC1)C1=O)=O,C257
CC(CC(O)=O)(C=C)O,C258
OC(COc1cc2ccccc2cc1)=O,C259
CCCN(c(cccc1)c1N1CCC(O)=O)C1=O,C260
CC(C)(C)n(cc1)nc1C(O)=O,C261
CS(c1cc(C(O)=O)ccc1)(=O)=O,C262
OC(c1ccc(CN2CCCCC2)o1)=O,C263
OC(CCCc1ncccc1)=O,C264
COc(cc1)cc(Cl)c1C(O)=O,C265
CS(C1(CC1)C(O)=O)(=O)=O,C266
Cn1c(SCC(O)=O)nnc1-c1cccs1,C267
Cc(cc1)cc(CC(O)=O)c1F,C268
CCN(CC)C(C(C)C)C(O)=O,C269
[O-][N+](c(ccc(Sc(cc1)ccc1Cl)c1)c1C(O)=O)=O,C270
OC([C@H]([C@@H]1C(N(Cc2ncccc2)C2)=O)[C@H]3O[C@]12C=C3)=O,C271
N#CCc(cccc1)c1C(O)=O,C272
OC(COC1CCCC1)=O,C273
CC(C)N(CC1)CCN1c(cc1)ccc1C(O)=O,C274
OC(COc(cccc1)c1F)=O,C275
CN(C)C(CCCC(O)=O)=O,C276
OC(C1(CC1)c1ccccc1)=O,C277
CN(c1ccccc1)S(c1cc(C(O)=O)ccc1)(=O)=O,C278
OC(c1csc(NC2CC2)n1)=O,C279
CCN(CC(O)=O)Cc(cc1)ccc1Cl,C280
OC(c(ccc1c2)cc1ccc2O)=O,C281
CC(C(O)=O)OC1CCCCCC1,C282
OC(c(c(nc[nH]1)c1nc1)c1Br)=O,C283
CS(N(CC1)CCN1C(CCC(O)=O)=O)(=O)=O,C284
CC(Cc(cc1)ccc1C#N)C(O)=O,C285
COc1cccc2c1oc(/C=C/C(O)=O)c2,C286
CN(CC(O)=O)S(c1cccs1)(=O)=O,C287
OC(CC(F)(F)F)=O,C288
CC(C)(C)C(N(CCC1)CC1C(O)=O)=O,C289
Cc1cc(C(O)=O)c2[nH]ncc2c1,C290
COC1(COCC1)C(O)=O,C291
Cc1cc(C(O)=O)c(C)cc1,C292
OC(c1ccnn1C(F)F)=O,C293
N#Cc(cccc1)c1OCC(O)=O,C294
OC(C1[C@H]2C[C@H](C3)C[C@@H]1C[C@H]3C2)=O,C295
Cc(c(cc1)c2nc1C(O)=O)nn2-c1ccccc1,C296
OC(CSC1CCCC1)=O,C297
OC(c1ccc(CN2CCOCC2)cc1)=O,C298
Cc1cc(C2(CC2)C(O)=O)cc(C)c1,C299
Cc1c(C(O)=O)sc(-c(s2)ccc2Cl)n1,C300
COc(cc1)cc(OC(F)F)c1C(O)=O,C301
CN(C)S(CCC(O)=O)(=O)=O,C302
CC(C)C(Cc1ccccc1)C(O)=O,C303
[O-][N+](c(ccc(C(O)=O)c1)c1O)=O,C304
Cc1cc(C(O)=O)c(C)n1C1C(CC2)CCN2C1,C305
OC(c(cc1)c(C(F)(F)F)cc1Br)=O,C306
OC(C(C1)CN(CCN2CCOCC2)C1=O)=O,C307
OC(c1cc(OC2CCCCC2)ncc1)=O,C308
Cc1noc(-c2c(C(O)=O)nco2)c1,C309
CCOc1ccc(CCC(O)=O)cc1,C310
OC(c(cc(cc1)Cl)c1F)=O,C311
OC(C(CCC1)N1C1CCOCC1)=O,C312
OC(c(cc1)cnc1NCC(F)(F)F)=O,C313
OC(CN(C1=O)N=Cn2c1ccc2)=O,C314
OC(Cc1cc(C2CC2)ccc1)=O,C315
OC(c1cccnc1Sc(cc1)ccc1Br)=O,C316
COC(C1CC1)C(O)=O,C317
OC(CN(CCCN1)C1=O)=O,C318
OC(c(cc1)cc2c1nc(-c1ccccc1)o2)=O,C319
CC(C)(C)c1ccc(C(O)=O)s1,C320
OC(CCC1OCCC1)=O,C321
OC(c1c(Cc2ccccc2)cccc1)=O,C322
CC(C)(C)n1nnc(CC(O)=O)n1,C323
CC(CC(O)=O)c(cc1)ccc1Br,C324
CN(c(cccc1)c1N1CCC(O)=O)C1=O,C325
OC(c1cc(C(F)(F)F)cc(O)c1)=O,C326
OC(CSCC(N1CCCCC1)=O)=O,C327
OC(c1c2nc[nH]c2cc(Br)c1)=O,C328
O[C@](C[C@H](C1)C2)(C[C@@H]1C1)C[C@@]12C(O)=O,C329
[O-][N+](c(c1cccnc11)ccc1OCC(O)=O)=O,C330
CC(C)(C=C)C(O)=O,C331
Cc(ccc(C(O)=O)c1)c1C#N,C332
CCCCN(c1c(C(N2)=O)n(CC(C)C)c(CCC(O)=O)n1)C2=O,C333
OC(Cc(cccc1)c1OC1COCC1)=O,C334
CC(C)(C(O)=O)N1CCOCC1,C335
CS(c(ccc(F)c1C(O)=O)c1F)(=O)=O,C336
CC(C)n1nnc(C(O)=O)c1,C337
OC(CS(C1CCCC1)(=O)=O)=O,C338
CCOC(c(cc1)c(C)nc1C(O)=O)=O,C339
OC(C1(CC1)c1cccc(C(F)(F)F)c1)=O,C340
COc(cccc1)c1Nc1nc(sc(C(O)=O)c2)c2s1,C341
OC(C(C1)CN(C2CC2)C1=O)=O,C342
COc(cc1)cc(F)c1C(O)=O,C343
OC(CC(CC1)CS1(=O)=O)=O,C344
Cc(cc1C)cc(C)c1OCC(O)=O,C345
CC(C(O)=O)n1nc(C(F)F)c(Cl)c1C(F)F,C346
OC(c1cc(C2CC2)ccc1)=O,C347
OC(c1ccc(CN2CCOCC2)s1)=O,C348
COc1cc(F)c(CC(O)=O)cc1,C349
CC1(CCOCC1)C(O)=O,C350
CC(C)n1ncc2cc(C(O)=O)cnc12,C351
[N-]=[N+]=NCC(O)=O,C352
Cc(cc(cc1)C(O)=O)c1[N+]([O-])=O,C353
CC(N(C[C@H](C1)OC)[C@H]1C(O)=O)=O,C354
Cc1nc(S)nc(C)c1CCC(O)=O,C355
OC(COC(c1ccccc1)c1ccccc1)=O,C356
CS(N1CCC(CC(O)=O)CC1)(=O)=O,C357
COc(cccc1)c1Nc(nccc1)c1C(O)=O,C358
OC(C(C1)CN(C2CCCCC2)C1=O)=O,C359
[O-][N+](c(cccc1C(O)=O)c1F)=O,C360
OC(C1(CC1)C(c1ccccc1)=O)=O,C361
Cc1cc(C(O)=O)nc(N(C)C(N2C)=O)c1C2=O,C362
CC(CC(O)=O)CC(OC)=O,C363
Cc(c(OC)c(cc1)OC)c1C(O)=O,C364
N#Cc1cccc(CC(O)=O)c1,C365
OC(C(CC(C1)C2)(CC1C1)CC12n(cn1)nc1Br)=O,C366
OC(c1ccc(COc(cc2)cc(Cl)c2F)o1)=O,C367
OC(CC1(CCCC1)N1CCOCC1)=O,C368
Cc1ccc(C(O)=O)c(Sc2ccccc2)n1,C369
OC(CNC(N(CC1)Cc2c1cccc2)=O)=O,C370
OC(COc1ccc(C(F)(F)F)cc1)=O,C371
Cc1nn(C(F)F)c(C(O)=O)c1,C372
COCC1(CC1)C(O)=O,C373
OC(c(cc1Br)cc(Br)c1O)=O,C374
OC(C1(CCCC1)N1CCOCC1)=O,C375
Cc(cc1)cc2c1nc(-c(cccc1)c1C(O)=O)[nH]2,C376
CC(C(O)=O)Sc1nnnn1C,C377
CC(CC(O)=O)c(cc1)ccc1F,C378
OC(c1cc(Br)cc(Cl)c1)=O,C379
OC(CN(CCCCC1)C1=O)=O,C380
OC(Cc1cccc(F)c1F)=O,C381
CC(C(O)=O)OC1CCCC1,C382
[O-][N+](c(cc1)cc(C(O)=O)c1Sc(cc1)ccc1Cl)=O,C383
COc1cccc(Nc2nnc(SCC(O)=O)s2)c1,C384
CC(C)N(C)C(C1(CC1)C(O)=O)=O,C385
OC(c1cc(CCC2)c2cc1)=O,C386
OC(COc1nsnc1N1CCOCC1)=O,C387
OC(C(CC1)CC1=O)=O,C388
CC(c1ccccc1)Oc(cc1)ccc1C(O)=O,C389
OC1(CC(O)=O)CCCCC1,C390
CC(C)n(c1nc(C)c2)ncc1c2C(O)=O,C391
OC(c(ccc(O)c1)c1Cl)=O,C392
CN1CC(C(O)=O)OCC1,C393
OC(C1(CC1)c1cccc(Cl)c1)=O,C394
Cc(sc(C(O)=O)c1)c1S(C)(=O)=O,C395
CN1CCN(Cc2ccc(C(O)=O)s2)CC1,C396
[O-][N+](c(ccc(C(O)=O)c1)c1Cl)=O,C397
CC1(C(O)=O)OCCC1,C398
OC(Cc(c(F)ccc1)c1F)=O,C399
CCN(C(C)C)C(N(CC1)CCC1C(O)=O)=O,C400
CC(C)Oc(c(OC)ccc1)c1C(O)=O,C401
OCC1N(CC(O)=O)CCC1,C402
Cc(c1cc(C(O)=O)cnc11)nn1-c1ccccc1,C403
OC(CCc(cccc1)c1O)=O,C404
CC(C(O)=O)n1nnnc1C(C)(C)C,C405
OC(c1ccc2c(Br)cccc2c1)=O,C406
OC1(CCOCC1)C(O)=O,C407
COC(C(N1)=O)=C(C(O)=O)NC1=O,C408
OC(Cc1cccc(OC(F)(F)F)c1)=O,C409
NC(c(cc1)ccc1C(O)=O)=O,C410
Cc1cc(/C=C/C(O)=O)c(C)n1C1CCCCC1,C411
Cc(ccc(S(N(C)c(cccc1)c1OC)(=O)=O)c1)c1C(O)=O,C412
COCC1(CCC1)C(O)=O,C413
CN(CC(O)=O)C1CSCC1,C414
Cc1c(CCC(O)=O)cccc1,C415
OC(c1cccnc1Sc(cccc1)c1Cl)=O,C416
CN(C)CCN(CC(C1)C(O)=O)C1=O,C417
CCOc(cc(cc1)C(O)=O)c1OCc1cnccc1,C418
Cc1cccc(N(CC2)CCN2S(CC(O)=O)(=O)=O)c1,C419
OC(c1nn2c(C(F)(F)F)cc(-c3ccco3)nc2c1)=O,C420
Cc(c(O)ccc1)c1C(O)=O,C421
C[C@@H](CC1)O[C@@H]1C(O)=O,C422
COc1cc(OC)c(CCCC(O)=O)cc1,C423
CN(CC(O)=O)C(c1cccs1)=O,C424
CCC(CC)(C(O)=O)c1ccccc1,C425
[O-][N+](c(cc1)ccc1Oc1nccc(C(O)=O)c1)=O,C426
CC(C)N1CCN(CCC(O)=O)CC1,C427
N#Cc(cccc1)c1C(O)=O,C428
CC(C)C(C(O)=O)Oc(cccc1)c1Br,C429
CN(C)c(n1-c2ccccc2)nc2c1sc(C(O)=O)c2,C430
CC(C)(C)c1c(C(O)=O)[nH]cn1,C431
COc(cc1)cc(C(O)=O)c1[N+]([O-])=O,C432
CN(C)C([C@H](CC1)CC[C@@H]1C(O)=O)=O,C433
CC(Cc1ccc(C)cc1)C(O)=O,C434
CS(c1cn(CC(O)=O)nc1)(=O)=O,C435
N#Cc(cc1)cc(C(O)=O)c1O,C436
OC([C@@](C[C@@H](C1)C2)(C[C@H]1C1)C[C@@]12n1ncnc1)=O,C437
C#CCCCC(O)=O,C438
CCN(Cc(cc1)ccc1C(O)=O)C1CC1,C439
CC(C)(C(O)=O)Oc1cccc(Cl)c1,C440
CC1N(Cc2ccc(C(O)=O)s2)CCCC1,C441
OC(c(cc(Cc1ccccc1)cc1)c1O)=O,C442
CCOC(N(CCC1)CC1C(O)=O)=O,C443
CC(C)(C)c(c1c2)nn(C)c1ncc2C(O)=O,C444
OC(CN1CCOCC1)=O,C445
OC(Cc(ccc(Br)c1)c1O)=O,C446
Cc(cn1)c(C(O)=O)nc1S(C)(=O)=O,C447
OC(C(C1)CN(C2CCCCCC2)C1=O)=O,C448
CCSCc(cccc1)c1C(O)=O,C449
OC(CCc1ccc(C(F)(F)F)cc1)=O,C450
OC(c1cnc(-c(s2)ccc2Cl)s1)=O,C451
CC(C)(CCC1)CC1(C(O)=O)O,C452
OC(c1c(cc[nH]2)c2ccc1)=O,C453
CC(C)Oc(cc1)cc(O2)c1C=C(C(O)=O)C2=O,C454
OC(C(CC1)CCN1S(N1CCCCC1)(=O)=O)=O,C455
[O-][N+](c1cc(O)cc(C(O)=O)c1)=O,C456
OC(c1cccn1C1CC1)=O,C457
OC(Cc(cccc1)c1O)=O,C458
OC(C(CCC1)N1C1CCCC1)=O,C459
COc(cc1)ccc1Nc1nc(C(O)=O)cs1,C460
N#Cc(cc(cc1)Br)c1C(O)=O,C461
OC(C1CCN(CC(F)(F)F)CC1)=O,C462
CC(C)n1ncc(c(C(O)=O)c2)c1nc2-c1c(C)sc(C)c1,C463
CS(c1ccc(C(O)=O)o1)(=O)=O,C464
OC(CCC1COCC1)=O,C465
CC(c1c(C)ccc(C(O)=O)c1)=O,C466
CC(C)(C(O)=O)S(C)(=O)=O,C467
CC(C)C(C(O)=O)N(CCCN1)C1=O,C468
CC(C)Oc1c(CC(O)=O)cccc1,C469
OC(COc(cc1)ccc1Oc1ccccc1)=O,C470
CN(C)C(Cn1nc(C(F)(F)F)cc1C(O)=O)=O,C471
[O-][N+](c(ccc(C(O)=O)c1)c1F)=O,C472
OC(CC1COCCC1)=O,C473
NC(c1cccc(C(O)=O)n1)=O,C474
OC(c1n[nH]c(C2CC2)c1)=O,C475
COc(ccc(CCC(O)=O)c1OC)c1OC,C476
CC(C)N(CC(C1)C(O)=O)C1=O,C477
OC(c1cc(Cl)cc(F)c1)=O,C478
OC(c(cc1)ccc1NC(c1c2cccc1)=NS2(=O)=O)=O,C479
COC1(CCCCC1)C(O)=O,C480
OC(Cc(s1)ccc1S(N1CCOCC1)(=O)=O)=O,C481
OC(CC1)(Cc2c1cccc2)C(O)=O,C482
OC(c1c(-n2c(cccc3)c3nc2)nccc1)=O,C483
CC(C)N1C(CC(O)=O)CCC1,C484
OC(c(cc(CCCC1)c1c1)c1O)=O,C485
CC(C)(C(O)=O)c1cc(F)cc(C#N)c1,C486
OC(CNC(c1ccco1)=O)=O,C487
CN(c(cccc1)c1OC)S(c(cc1)ccc1C(O)=O)(=O)=O,C488
OC(C(CC1)CCN1C(CC1)CS1(=O)=O)=O,C489
Cc1c(C(O)=O)nc(C)o1,C490
CCN(CC(O)=O)C1CC1,C491
CCc(cc1)cc(C(O)=O)c1O,C492
OC(CCCC1CCCCC1)=O,C493
CC(C)C(C(O)=O)(c1ccccc1)O,C494
CC1Oc(cccc2)c2N(CC(O)=O)C1=O,C495
OC(c(cc1)nnc1Sc(cccc1)c1Cl)=O,C496
Cc1ccc(CC(O)=O)o1,C497
OC(c(cc1)ccc1OC(F)(F)F)=O,C498
CC(N(C)CCCC(O)=O)=O,C499
OC(c(cccc1C(F)(F)F)c1F)=O,C500
CC(C)C(C(O)=O)Sc1ccccc1,C501
OC(CC1OCCN(Cc2ccccc2)C1)=O,C502
[O-][N+](c(ccc(OCc1ccccc1)c1)c1C(O)=O)=O,C503
OC(C=C1CCCC1)=O,C504
OC(C(C1)Oc(cccc2)c2N1C(Nc1ccccc1)=O)=O,C505
Cc1cc(C)c(CC(O)=O)c(C)c1,C506
CN(C)S(c1c[nH]c(C(O)=O)c1)(=O)=O,C507
COC1(CCCC1)C(O)=O,C508
CCc(ccc(C(O)=O)c1)c1S(C)(=O)=O,C509
OC(c1ccc(CN(C=CC=C2)C2=O)o1)=O,C510
CC(C)[C@H](CC1)CC[C@@H]1C(O)=O,C511
Cc1cc(Br)cc(C)c1C(O)=O,C512
OC(CN(CCC1)S1(=O)=O)=O,C513
CC(C)c1cc(C(O)=O)c(cnn2C(C)C)c2n1,C514
OC(C1CC(CC2)N(Cc3ccccc3)C2C1)=O,C515
OC(/C=C/c1nc(cccc2)c2s1)=O,C516
COc1cc(OC)c(CCC(O)=O)cc1,C517
CC(C)(C(C)=C1C(O)=O)OC1=O,C518
CCC(c(cc1)ccc1C(O)=O)=O,C519
CN(CCOC1)C1C(O)=O,C520
CN(c(cccc1)c1N1CC(O)=O)C1=O,C521
Cc(c(C(O)=O)c1)ncc1[N+]([O-])=O,C522
CC(CC(O)=O)(C(F)(F)F)O,C523
OC(CSCc(s1)ccc1Cl)=O,C524
OC(c(cccc1)c1Sc(cc1)ncc1Br)=O,C525
CC(C)N(CCCC1)C1C(O)=O,C526
NC(Cc(cc1)ccc1OCC(O)=O)=O,C527
CC(C)(C)c1cc(C(O)=O)no1,C528
OC(c(ccc1c2CCCC1)c2O)=O,C529
CCN(CC)S(CC(O)=O)(=O)=O,C530
COC(CC1(CC(O)=O)CCCC1)=O,C531
OC(c(c(-n1nccc1)ccc1)c1F)=O,C532
C[C@H]([C@H](C(O)=O)O)c1ccccc1,C533
Cc(c(C(O)=O)c1)cc(C)c1I,C534
CC(C)C(N(CCC1)CC1C(O)=O)=O,C535
Cc1c(C(O)=O)sc(NC2CC2)n1,C536
COc(cc1OC)c(/C=C/C(O)=O)cc1OC,C537
[O-][N+](c1cn(C2(CC(C3)C4)CC4(CC(O)=O)CC3C2)nc1)=O,C538
COc1nc(CCC(O)=O)nc(OC)c1,C539
Cc(cc(cc1)C#N)c1C(O)=O,C540
OC([C@]1(CN(Cc2ccccc2)C2)[C@@H]2CCCC1)=O,C541
OC(Cc1cccc(F)c1)=O,C542
OC(CN(Cc1ccco1)c1cccc(Cl)c1)=O,C543
OC1(CCCCC1)C(O)=O,C544
COc(cc1)c(COc(cc2)ccc2Cl)cc1C(O)=O,C545
OC(Cn1nc(C(F)F)c(Cl)c1C(F)F)=O,C546
OC(c1cc(OC2COCC2)ncc1)=O,C547
CC(C)(C)CC(O)=O,C548
OC(COc(cc1)cc(CC2)c1NC2=O)=O,C549
OC(c1cccnc1C(F)(F)F)=O,C550
OC(C1OCCN(Cc2ccccc2)C1)=O,C551
OC(c(ccc(O)c1)c1F)=O,C552
OC(CN(c1c(CCC2)scc1)C2=O)=O,C553
CC(C)C(C(O)=O)Oc(cccc1)c1C#N,C554
OC(c1cc(sc(Nc2ccccc2)n2)c2s1)=O,C555
OC(c(cn1)cc(Br)c1Cl)=O,C556
NC(N(CCC1)CC1C(O)=O)=O,C557
OC(c1c(CCCC2)c2ccc1)=O,C558
OC(C(C1)C1(F)F)=O,C559
OC(CCN(c(ccc(Cl)c1)c1O1)C1=O)=O,C560
COc(cc1)ccc1Oc(ccc([N+]([O-])=O)c1)c1C(O)=O,C561
CN1CCN(Cc(cc2)ccc2C(O)=O)CC1,C562
CC(C)(C)n1ncc(C(O)=O)c1,C563
CN(C)CCCN(CC(C1)C(O)=O)C1=O,C564
CC(C)Oc1ccc(CCC(O)=O)cc1,C565
OC(c1cccc(C(F)(F)F)c1)=O,C566
Cc1n[nH]c(SCC(O)=O)n1,C567
CC(C)C(C(O)=O)N1CCCCC1,C568
Cc(cc1OC)c(CSCC(O)=O)cc1OC,C569
OC1(CCCC1)C(O)=O,C570
COC(c1nc(C(O)=O)ccc1)=O,C571
CN(C)S(c1cn(C)c(C(O)=O)c1)(=O)=O,C572
OC1(CC(O)=O)CCCC1,C573
COc(cc1)cc(F)c1-c(cc1)cc(F)c1C(O)=O,C574
CN(C(CSCC(O)=O)=O)c1ccccc1,C575
OC(Cc1c(C(F)(F)F)cccc1)=O,C576
OC(c1ccc(CN2CCCC2)o1)=O,C577
OC(C1(Cc2ccccc2)CCC1)=O,C578
OC(c(ccc(-n1ncc2c1cccc2)c1)c1Cl)=O,C579
CC(C1)OCCN1c1nccc(C(O)=O)c1,C580
C#Cc1cccc(C(O)=O)c1,C581
OC(C1C(CC2)CCN2C1)=O,C582
Cc(cc1)cc(Br)c1OCC(O)=O,C583
CC1(C(O)=O)OCCCC1,C584
COc(ccc(C(O)=O)c1OC)c1OC,C585
OC(c1cccn1Cc1cccs1)=O,C586
CC(C)Cc1ccc(CC(O)=O)cc1,C587
CC(CCC1=O)(N1c1c2cccc1)N(CC(O)=O)C2=O,C588
OC(c(nc1)cc2c1N=CNC2=O)=O,C589
CC(C)(C(O)=O)N(C)C1CCCC1,C590
OC(Cc1cc(CCCC2)c2cc1)=O,C591
CC(C(O)=O)n(cc1C)nc1[N+]([O-])=O,C592
Cc(s1)ccc1S(N(CCC1)CC1C(O)=O)(=O)=O,C593
OC(COc(cc1)cc(O2)c1C=CC2=O)=O,C594
OC(c1cccc(-c(c(F)ccc2)c2F)c1)=O,C595
C[C@H]1O[C@@H]1C(O)=O,C596
Cc(c(c1nc(C)c2)c2C(O)=O)nn1-c(cc1)ccc1F,C597
OC(C(CC1)CCN1C(N1CCCC1)=O)=O,C598
CC(C)(CC(O)=O)c1ccccc1,C599
Cc1noc(COCC(O)=O)n1,C600
Cc(cc1C)c(C(O)=O)c(C)c1[N+]([O-])=O,C601
OC1(CN(Cc2ccccc2)CC1)C(O)=O,C602
OC(Cc(cccc1)c1Br)=O,C603
CC(C)N(C)S(c(cc1)ccc1C(O)=O)(=O)=O,C604
CN(c1c(C(N2)=O)[nH]c(CCC(O)=O)n1)C2=O,C605
OC1CCN(CC(O)=O)CC1,C606
OC(c1c(CCC2)c2nc2ccccc12)=O,C607
OC(COc(cc(cc1)F)c1F)=O,C608
OC(C1(CCC1)N1CCOCC1)=O,C609
CN(C)c1cc(C(O)=O)cc(Br)c1,C610
NC(c1ccc(C(O)=O)o1)=O,C611
OC(Cc(cc(cc1)Cl)c1Br)=O,C612
CC(C)CC(C(O)=O)OC,C613
Cc(c1c2)n[nH]c1ncc2C(O)=O,C614
OC(CCC(NC1CCCCCC1)=O)=O,C615
CC(C(O)=O)(c(cc1)ccc1Cl)N(C)C,C616
CN(c1ccccc1)S(c(cccc1)c1C(O)=O)(=O)=O,C617
OC(C1(Cc2ccccc2)CCOCC1)=O,C618
Cc1cc(C)c(C(O)=O)c(C)c1,C619
CN(CC(O)=O)C(c(cnn1C)c1-n1cccc1)=O,C620
CCOc1c(/C=C/C(O)=O)cc2OC(C)Cc2c1,C621
OC(C(CC1)CCN1C(N1CCOCC1)=O)=O,C622
CS(Cc1cc(C(O)=O)ccc1)(=O)=O,C623
CC(C)n1c(C(O)=O)ccc1,C624
OC(CCN(c(cccc1)c1O1)C1=O)=O,C625
[O-][N+](c(cc(cc1)C(O)=O)c1Sc1ccccc1)=O,C626
CC(C)(C1CCOCC1)C(O)=O,C627
Cc(nc(ccc(OC(F)(F)F)c1)c1c1)c1C(O)=O,C628
OC([C@H](CC1)CC[C@@H]1n1cccc1)=O,C629
OC(c(cc1)cc(CCC2)c1C2=O)=O,C630
OC(c1ccc(COc2cccc(Br)c2)o1)=O,C631
OC(c1cn(C2CC2)nn1)=O,C632
OC(C(CC1)CS1(=O)=O)=O,C633
Cc1cc(C(O)=O)cc(O)c1,C634
CC(C)NC(N(CC1)CCC1C(O)=O)=O,C635
COc(cc1)cc(CCC(O)=O)c1OC,C636
OC(c1csc(Cc2ccccc2)n1)=O,C637
CC(C)(C)C(N(CSC1)C1C(O)=O)=O,C638
CN(C)c(ccc([N+]([O-])=O)c1)c1C(O)=O,C639
CC(C)(C(O)=O)c1cccc(Br)c1,C640
OC(CC1COCC1)=O,C641
OC(c1cc2ccccc2cc1O)=O,C642
CC(N1C)=NN(CC(O)=O)C1=O,C643
CC(c(cc1)ccc1OCC(O)=O)=O,C644
CC1(C)OC(C(O)=O)=CC1=O,C645
OC(c1c2nc[nH]c2ccc1)=O,C646
CC(C)CN(CCCC1)C1C(O)=O,C647
CN(c1nc(C(O)=O)ccc1C(N1)=O)C1=O,C648
CC(C)(CC1)CCC1=CC(O)=O,C649
Cc(cc1)c(C)cc1OCc(cc1)ccc1C(O)=O,C650
OC(c(o1)ccc1S(N1CCCCC1)(=O)=O)=O,C651
CC(C)(C(O)=O)c1cccc(Cl)c1,C652
[O-][N+](c(cc1C(O)=O)cnc1O)=O,C653
OC(C[C@H]1[C@@H]2CC(C3)C[C@@H]1C[C@@H]3C2)=O,C654
CC(C)n1nccc1C(O)=O,C655
CC1=C(c2ccccc2)Oc(c(C(O)=O)ccc2)c2C1=O,C656
OC(CCOc1ccccc1)=O,C657
OC(C1(CC1)N1CCOCC1)=O,C658
N#Cc(cc(cc1)C(O)=O)c1F,C659
CS(Cc1ccc(C(O)=O)o1)(=O)=O,C660
CN(C)C(Cc1ccccc1)C(O)=O,C661
CC(C)c(ncnc1)c1C(O)=O,C662
OC(CN1c(ccc(Br)c2)c2OCC1=O)=O,C663
Cn1c(SCC(O)=O)nnc1C1CCCCC1,C664
Cc1cccc(CC(O)=O)c1,C665
[O-][N+](c(cc1)cnc1C(O)=O)=O,C666
CC(C)(C(O)=O)N1CCCCC1,C667
CC(C)Oc(ccc(/C=C/C(O)=O)c1)c1OC,C668
[O-][N+](c1cn(C(CC(C2)C3)(CC2C2)CC23C(O)=O)nc1)=O,C669
OC(c(cccc1Cc2ccccc2)c1O)=O,C670
OC(COc(cc1)ccc1N(CCC1)C1=O)=O,C671
OC(C(C1)CN1S(C1CC1)(=O)=O)=O,C672
Cc1c(CC(O)=O)cccc1,C673
CC(C)C(C(O)=O)Oc1cccc(Cl)c1,C674
COC(c1c(COCC(O)=O)ocn1)=O,C675
OC(c(cccc1)c1-n1ncc(Br)c1)=O,C676
OC(CC1CCOCC1)=O,C677
COc(ccc(F)c1C(O)=O)c1OC,C678
OC(c1ccc(CN(C(CN2)=O)C2=O)cc1)=O,C679
CN(C)C1(CCCC1)C(O)=O,C680
CC(c1cccc(C(O)=O)c1)=O,C681
CC(C)CN(CC(C1)C(O)=O)C1=O,C682
OC(CSc(ccc(F)c1)c1F)=O,C683
Cc(cc1)cc(C)c1Sc1ncccc1C(O)=O,C684
OC(C1N(Cc2cnccc2)CCCC1)=O,C685
Cc1c(C(O)=O)sc(NCc2ccco2)n1,C686
CC(C(O)=O)(c1ccccc1)O,C687
Cc(c(C)c1)cc2c1oc(C(O)=O)c2,C688
OC(CCC1CC1)=O,C689
CN(CC1)CCN1S(c1cc(C(O)=O)ccc1)(=O)=O,C690
OC(c(c(O)ccc1)c1Cl)=O,C691
OC(CN(C=CC(N1)=O)C1=O)=O,C692
CC(CC1)(CN1C(C)=O)C(O)=O,C693
OC(c(cc1)cnc1Oc1cccc(Br)c1)=O,C694
OC(CC1(C[C@H](C2)C3)C[C@H]3C[C@H]2C1)=O,C695
Cc(c(c1nc(-c2ccco2)c2)c2C(O)=O)nn1-c1ccccc1,C696
CC(C)(C(O)=O)c1ccccc1,C697
CC(C)NC(N(CCC1)C1C(O)=O)=O,C698
Cc(c(C)c1)cc(C(O)=O)c1Cl,C699
Cc1noc(C)c1CSCC(O)=O,C700
CC(C)n1c2cccc(C(O)=O)c2cc1,C701
CC(C(O)=O)N1CCOCC1,C702
CN(Cc1ccccc1)S(c(cc1)ccc1C(O)=O)(=O)=O,C703
OC(CCc1nn2c(C(F)(F)F)ccnc2n1)=O,C704
OC(Cc(cccc1)c1F)=O,C705
OC([C@]1(Cc(cc2)ccc2Cl)[C@@H](CC2)C[C@@H]2C1)=O,C706
COc(cc(c(OC)c1)OC)c1C(O)=O,C707
OC(CSc1nnnn1C1CC1)=O,C708
OC1(CCC1)C(O)=O,C709
CC(C)Oc(ccc(C(O)=O)c1)c1OC,C710
OC(c1ccc(CN2CCCCCC2)s1)=O,C711
OC(CC(O)=O)Cc1ccccc1,C712
OC(c(cc1)ccc1Nc1ncnc2ccccc12)=O,C713
OC(c1csc(-c2cc(Br)cs2)n1)=O,C714
CN(CCC(O)=O)C1CCCCC1,C715
[O-][N+](c(ccc(O)c1)c1C(O)=O)=O,C716
OC(C(CC1)OC1=O)=O,C717
OC(c(cc1F)cnc1Cl)=O,C718
OC([C@H](C1)[C@@H]1C(N(CC1)CCN1c1ccccc1)=O)=O,C719
COc(c(OC)c1OC)cc2c1[nH]c(C(O)=O)c2,C720
CC(C)C(C)C(O)=O,C721
CN(C=NN1CC(O)=O)C1=O,C722
OC(c1cc(CN2CCOCC2)ccc1)=O,C723
Cc(cc1)c(C)cc1C(c(cccc1)c1C(O)=O)=O,C724
OC(C1(CC1)C(N1CCCC1)=O)=O,C725
OC(COc(c(Cl)ccc1)c1Cl)=O,C726
OC(CCC(N(CC1)CCN1S(c1ccccc1)(=O)=O)=O)=O,C727
OC(c(cc1)cc(C(NN2)=O)c1C2=O)=O,C728
CC(C(O)=O)(c1ccccc1)OC,C729
CC(N(C1)c(cccc2)c2OC1C(O)=O)=O,C730
COc(cc1)cc(C(O)=O)c1Br,C731
CC(C(O)=O)S(C1CCOCC1)(=O)=O,C732
COC(c(cc1)cnc1C(O)=O)=O,C733
Cc1cc(C)nn1Cc1ccc(C(O)=O)o1,C734
OC(C1(Cc(cc2)ccc2F)CC1)=O,C735
OC(/C=C/c1cc(Cl)c2OCCCOc2c1)=O,C736
C[C@H]([C@H](CCCCCC(O)=O)N1)NC1=O,C737
Cc1cc(C(O)=O)cc(C)c1F,C738
CCCN(CCC1)CC1C(O)=O,C739
[O-][N+](c1n[nH]c(C(O)=O)c1Br)=O,C740
CN(C)S(c1c(C(O)=O)nccc1)(=O)=O,C741
CC(C)(C(O)=O)c1cccc(F)c1,C742
OC(COc1cccc(N(CCC2)C2=O)c1)=O,C743
CC[C@H](CC1)CC[C@@H]1C(O)=O,C744
COc(cc1)cc(C(O)=O)c1O,C745
CS(c1ccc(CC(O)=O)s1)(=O)=O,C746
CC(N(CCc1ccccc1)CC(O)=O)=O,C747
OC(c1ccc(C2CC2)cc1)=O,C748
OC(CC(NN1C(CC2)CS2(=O)=O)=CC1=O)=O,C749
COc1cccc(Nc(cccc2)c2C(O)=O)c1,C750
OC(CSC(SC1=S)=NN1c(cc1)ccc1F)=O,C751
CC(C)(CC1)CCC1C(O)=O,C752
OC(c(cc1)ccc1C(c1cc(O)ccc1)=O)=O,C753
OC(Cc(cccc1)c1OC(F)F)=O,C754
OC(c1ccc(CN2CCCCC2)s1)=O,C755
CCc(nc(C)nc1)c1C(O)=O,C756
OC(COc1cc(CCC2)c2cc1)=O,C757
CCCS(N(CCC1)CC1C(O)=O)(=O)=O,C758
OC(CC(C(F)(F)F)n1nccc1)=O,C759
Cc1nc(ccc(C(O)=O)c2)c2o1,C760
CC1(CCN(C)CC1)C(O)=O,C761
CN(C)C(C(O)=O)c1cnccc1,C762
COc(c1c2[nH]c(C(O)=O)c1)ccc2OC,C763
CC(C)OCc(cc1)ccc1C(O)=O,C764
OC(C1(CC2)SCCN1C2=O)=O,C765
Cc1n[nH]c2nc(C)cc(C(O)=O)c12,C766
OC(c1ccc(Cn2ncc(Cl)c2)o1)=O,C767
OC(C1(Cc2cccc(Cl)c2)CCCC1)=O,C768
Cc(cc1)c(C)cc1C(O)=O,C769
OC(CCOc(cc1)ccc1Br)=O,C770
OC(CCCC(N(C[C@H](C1)CN23)C[C@H]1C3=CC=CC2=O)=O)=O,C771
OC(c1cn(-c2cccc(Cl)c2F)nn1)=O,C772
OC(C1(CC1)Oc1ccccc1)=O,C773
CN(C[C@@H]1C(O)=O)C[C@@H]1c1ccccc1,C774
Cc1ncnc(C)c1CC(O)=O,C775
OC(c(c(O)ccc1)c1F)=O,C776
Cn1c(SCc2ccc(C(O)=O)o2)nnc1,C777
CC(N(C[C@@H](C1)O)[C@@H]1C(O)=O)=O,C778
OC(c(cc1)ccc1S(Cc1cnccc1)(=O)=O)=O,C779
Cc1nn2c(C(F)(F)F)ccnc2c1/C=C/C(O)=O,C780
OC(c(cc1)ncc1Oc1cccc(Cl)c1)=O,C781
CN1C(CCC(O)=O)CCCC1,C782
CC(C)C(C(O)=O)c1ccccc1,C783
Cc([nH]c1ccc2)nc1c2C(O)=O,C784
OC(c1ccnn1CCC(F)(F)F)=O,C785
COc(cc1)c(COc(cccc2)c2Cl)cc1C(O)=O,C786
CC(C)CCN(CCC1)C1C(O)=O,C787
Cc1c(CC(O)=O)cncc1,C788
CS(c(cc1)ccc1NC(CCC(O)=O)=O)(=O)=O,C789
OC(c(scc1)c1OC(F)F)=O,C790
OC(c1cc(C2CCCC2)ccc1)=O,C791
OC(c(ccc(Br)c1)c1O)=O,C792
CCN(CC)C(N(CC1)CCC1C(O)=O)=O,C793
OC(c1ccc(COc2cccc(Cl)c2)o1)=O,C794
CCC(C(O)=O)(c1cccc(Cl)c1)O,C795
[O-][N+](c(c(C(O)=O)c1)cc(F)c1F)=O,C796
OC(CCN1N=C(C=CC=C2)N2C1=O)=O,C797
NC(c1cn(CC(O)=O)c2c1cccc2)=O,C798
CC1N(CCC(O)=O)CCCC1,C799
OC(CCOc(cc1)ccc1Cl)=O,C800
OC(C1CC1)C(O)=O,C801
CC(C)(C)c(cccc1)c1C(O)=O,C802
Cc(cc1)cc(CC(O)=O)c1OC,C803
CC(C)C(N(C)CC(O)=O)=O,C804
[O-][N+](c1cn(C2(CC(C3)C4)CC4CC3C2)nc1C(O)=O)=O,C805
OC(c1cnc2c(F)cc(Br)cc2c1O)=O,C806
OC(C(c1ccccc1)N(CC1)CCS1(=O)=O)=O,C807
OC(COc1cc(CCCC2)c2cc1)=O,C808
OC(c(cc1)cc(Cl)c1-n1ncc2c1cccc2)=O,C809
CN(C)C(N(CC1)CCC1C(O)=O)=O,C810
OC(Cn1nnc(-c2cccs2)n1)=O,C811
OC(C1(Cc2cccc(Cl)c2)CCCCC1)=O,C812
OC(c1c2sccc2ccc1)=O,C813
OC(CCC(C(N1)=O)NC1=O)=O,C814
Cc1cc(C(O)=O)cc(C)c1OCc1cnccc1,C815
CC(C)(C)n1c(SCC(O)=O)ncc1,C816
OC(Cc1cc(CCC2)c2cc1)=O,C817
CS(c(cc1)ccc1C(O)=O)(=O)=O,C818
CCS(N(CCC1)CC1C(O)=O)(=O)=O,C819
Cc(nc(C(F)(F)F)cc1)c1C(O)=O,C820
CC(C)Cc1nc(C(O)=O)c[nH]1,C821
CN(C)C(CCC(O)=O)c1ccccc1,C822
OC(c([nH]c1ccc2)cc1c2OC(F)(F)F)=O,C823
OC([C@@H]1[C@@H](CC2)C[C@@H]2C1)=O,C824
N#Cc(cc(cc1)Cl)c1Oc1cc(C(O)=O)ccc1,C825
CN(CC(O)=O)C(COC)=O,C826
OC(CCc(cc(cc1)Br)c1F)=O,C827
Cc1c(-c2ccc(C)o2)sc(C(O)=O)c1,C828
CN(C)c(ccc(C(O)=O)c1)c1[N+]([O-])=O,C829
C[C@](CCC1)(CCC2)C[C@]12C(O)=O,C830
OC(c(cc1)ccc1OC1COCC1)=O,C831
CC(C(O)=O)N(CC1)Cc2c1cccc2,C832
OC(c1nccnc1Sc1ccccc1)=O,C833
CC(C)(C)C(N(CC1)CCC1C(O)=O)=O,C834
CC(C)(C)n1nc(C2CC2)cc1C(O)=O,C835
CCOc(cc1)cc(C(O)=O)c1[N+]([O-])=O,C836
OC(C(CCC1)N1S(c(s1)ccc1Br)(=O)=O)=O,C837
OC(Cc(ccc(Br)c1)c1F)=O,C838
OC(c(cc1)cc(Cl)c1O)=O,C839
OC(CCC1CCOCC1)=O,C840
CN(c(c(C(N1)=O)c2)ncc2C(O)=O)C1=O,C841
Cc1c(C2(CC2)C(O)=O)cccc1,C842
OC(CSc1nnc(-c2ccco2)o1)=O,C843
CC(C)CN(CCC1)C1C(O)=O,C844
COc(cc1)cc(/C=C/C(O)=O)c1OC,C845
OC(c(cc1)cc(CC(c2ccccc2)O2)c1C2=O)=O,C846
OC(CC(S1)=C(c2cccs2)N2C1=NCC2)=O,C847
OC(c(c(O)c1cc2)cnc1c(F)c2Cl)=O,C848
CN1C(CC(O)=O)CCCC1,C849
OCC(C(O)=O)c1ccccc1,C850
OC(CN1c(cccc2)c2SCC1=O)=O,C851
Cc(ccc(C(O)=O)c1)c1O,C852
Cn1nccc1/C=C/C(O)=O,C853
OC(C1(Cc2cccc(F)c2)CCCCC1)=O,C854
OC(c(cc1)cc(O2)c1OC2(F)F)=O,C855
CS(N(CCC1)CC1C(O)=O)(=O)=O,C856
CCc(nnc(C)c1)c1C(O)=O,C857
CCS(N(C)CC(O)=O)(=O)=O,C858
Cc1c(C(O)=O)oc2c1cc(CCC1)c1c2,C859
CC(C1CCOCC1)C(O)=O,C860
[O-][N+](c(c(F)c1)cc(C(O)=O)c1Cl)=O,C861
OC(C(C1)Oc(cccc2)c2N1C(c1ccco1)=O)=O,C862
OC(c1ccc(CN2CCCCC2)cc1)=O,C863
OC(C=C1CCOCC1)=O,C864
CC(C)C(C(O)=O)N(CC1)Cc2c1cccc2,C865
OC(c1cc(scc2)c2nc1)=O,C866
OC(CCOc(cc1)ccc1F)=O,C867
OC(CC1(CC(N2CCOCC2)=O)CCCC1)=O,C868
OC(c1cccc(Br)c1O)=O,C869
[O-][N+](c1nn(CC(O)=O)cc1Cl)=O,C870
CSCC1(CC(O)=O)CC1,C871
CSc(ccc(C(c(cccc1)c1C(O)=O)=O)c1)c1[N+]([O-])=O,C872
CC(C(O)=O)Sc1ncn[nH]1,C873
CC(C)n1cnc(C(O)=O)c1,C874
OC(C(CC1)CCN1C(C1(CCC1)c1ccccc1)=O)=O,C875
OC(COc(ccc(-c1ccccc1)c1)c1Cl)=O,C876
OC(C(CC1)CCC1=O)=O,C877
Cn1c2cccc(C(O)=O)c2cc1,C878
CN1CCC(CC(O)=O)CC1,C879
OC(c(cc1)ccc1SCc1ccccc1)=O,C880
OC(Cc(cccc1)c1OC1CCCC1)=O,C881
CC(CN1CCOCC1)C(O)=O,C882
Cc1noc2c1c(C(O)=O)cc(-c1c(C(F)(F)F)cccc1)n2,C883
OC(C(CCCC1)N1S(c1cccs1)(=O)=O)=O,C884
N#Cc(ccc(C(O)=O)c1)c1Cl,C885
OC(c(cc1)cnc1NC1CC1)=O,C886
CC(C)(Cc(cc1)ccc1Cl)C(O)=O,C887
Cc1ccc(-c2ccc(C(O)=O)s2)o1,C888
CC(C)C(C(O)=O)c1ccncc1,C889
OC(CSc1nnc(-c2ccncc2)n1Cc1ccco1)=O,C890
CC(Cc1cc(C(O)=O)c2)Oc1c2OC,C891
CCC(C)n1nc(C)c(-c2n[nH]c(C(O)=O)c2)c1C,C892
OC(c(cc1)ncc1Oc1cccc(F)c1)=O,C893
OC(C1CCCCC1)C(O)=O,C894
OC(c(cc(cc1)F)c1-n1nccc1)=O,C895
COCCN(CC(C1)C(O)=O)C1=O,C896
CC(C)c(cc1)c(C)cc1OCC(O)=O,C897
CCC(C)c1nc(C)c(CC(O)=O)c(C)n1,C898
Cn1c(SCc2ccc(C(O)=O)o2)ncc1,C899
OC(c1ccc(CN2CCSCC2)cc1)=O,C900
OC(C1(CCCCC1)C1CCCCC1)=O,C901
OC(c1cccc(Cl)c1O)=O,C902
OC(c(ncs1)c1Br)=O,C903
OC(CSC(CCO1)C1=O)=O,C904
COc(ccc(C(O)=O)c1)c1[N+]([O-])=O,C905
OC(C1CN(CCc2ccccc2)CCC1)=O,C906
CC(C)(C1)Oc(cc2)c1cc2C(O)=O,C907
OC(c1cc(S(N2CCOCC2)(=O)=O)c[nH]1)=O,C908
Cc(nc(cc1)C(O)=O)c1C#N,C909
CC(C)CN(c(c(C(N1C)=O)c2)ncc2C(O)=O)C1=O,C910
OC(COC(CCC1)c2c1cccc2)=O,C911
OC(Cc(cc1)ccc1OC(F)(F)F)=O,C912
OC(C1CCCC1)C(O)=O,C913
Cc1c(-c2nc(cccc3)c3n2CC(O)=O)scn1,C914
OC(/C=C/c(cc(cc1)Br)c1F)=O,C915
CC(C)(C)c1nc(CC(O)=O)cs1,C916
OC(C(CC1)CCN1C1CC1)=O,C917
N#Cc(cccc1)c1Sc(cc1)ccc1C(O)=O,C918
OC(C(CSC1)N1C(C1CCCC1)=O)=O,C919
COC(c1nccnc1C(O)=O)=O,C920
OC(CCc(ccc(Cl)c1)c1Cl)=O,C921
CCC1(CCC1)C(O)=O,C922
OC(c(cc1)cc2c1ncn2-c(cc1)ccc1Cl)=O,C923
CC(N1CC(O)=O)=Nc(scc2-c3cccs3)c2C1=O,C924
OC(c1cccc(OC(F)(F)F)c1)=O,C925
OC(C1OCCC1)=O,C926
OC(c1cc(CCCC2)c2cc1)=O,C927
OC(CN(C(CS1)=O)C1=S)=O,C928
COc(cc1)c(CC(O)=O)cc1F,C929
CCC(N(CCC1)CC1C(O)=O)=O,C930
[O-][N+](c(cc(cn1)C(O)=O)c1O)=O,C931
OC(CNC(OCc1ccccc1)=O)=O,C932
CC(C(O)=O)N(C)C,C933
OC(c1csc(-c(s2)ccc2Br)n1)=O,C934
OC(c(ccc(C(F)(F)F)c1)c1O)=O,C935
CCCCS(N(CC1)CCC1C(O)=O)(=O)=O,C936
Cc1c(C(O)=O)c(Cn2nccc2)nc2ccccc12,C937
CCC1(CCCCC1)C(O)=O,C938
COc(cc(cc1CC=C)C(O)=O)c1OC,C939
CC(C)c1nnnn1CC(O)=O,C940
OC1CCN(Cc(cc2)ccc2C(O)=O)CC1,C941
Cc1cc(OCC(O)=O)c(C)cc1,C942
OC(C1(CCC1)c1ccccc1)=O,C943
Cc1cc(Sc2ncccc2C(O)=O)c(C)cc1,C944
OC(CN1c(cccc2)c2OCC1=O)=O,C945
CCc(cc1)ccc1OCCC(O)=O,C946
CC(C)C(C(O)=O)N(CCC1)S1(=O)=O,C947
Cc(nc(cc1)-c2cscc2)c1C(O)=O,C948
CC(C)C(C(O)=O)c1cccc(Cl)c1,C949
Cn1nccc1COCC(O)=O,C950
OC(c(cc(cc1)Br)c1-n1cccc1)=O,C951
OC(C1CCN(CC2CC2)CC1)=O,C952
OC(c(cccc1)c1OC(F)(F)F)=O,C953
Cn1c(C(CCC2)CN2C(CCC(O)=O)=O)nnc1,C954
OC(c(cc1)ccc1OC1CCOCC1)=O,C955
OC(c(cc1)cc(O)c1I)=O,C956
CC(C1=C(N2)N(C)NC1=O)=C(CC(O)=O)C2=O,C957
OC(Cc(c(F)ccc1)c1Cl)=O,C958
CC(C)CCC(O)=O,C959
Cc1cc(C(O)=O)c(C(NN2C)=O)c2n1,C960
OC(c1cccc(CN(C(CN2)=O)C2=O)c1)=O,C961
OC(C[C@H]1[C@H](CC2)C[C@H]2C1)=O,C962
COc1cc([nH]c(C(O)=O)c2)c2c(OC)c1OC,C963
OC(C1OCCCC1)=O,C964
Cc(cccc1)c1C(O)=O,C965
CCC(N(CC1)CC1C(O)=O)=O,C966
Cc1c(C(O)=O)nc(C)s1,C967
OC(C1(CC1)c(cc1)ccc1Br)=O,C968
OC(c(o1)ccc1Sc(cc1)ccc1Cl)=O,C969
COc(cc1)cc(OC)c1C(O)=O,C970
OC(c(o1)ccc1S(N1CCCC1)(=O)=O)=O,C971
OC(C(O)=O)c1cccc(C(F)(F)F)c1,C972
OC(CN1CCCC1)=O,C973
OC(c(cc1)cc2c1[nH]cn2)=O,C974
OC(CC(C(F)(F)F)c1ccccc1)=O,C975
COc1cc(Br)cnc1C(O)=O,C976
C[C@@H](C1)N(C)CC[C@@H]1C(O)=O,C977
COc(ccc1c2cc(C(O)=O)[nH]1)c2OC(F)F,C978
CN(CCC1(Cc2ccccc2)C(O)=O)C1=O,C979
COC(c1ccc(C(O)=O)s1)=O,C980
COc(cc(cc1)[N+]([O-])=O)c1C(O)=O,C981
CCN(CCCC1)C1C(O)=O,C982
CC(C)(Cc1ccc2)Oc1c2C(O)=O,C983
Cn1c(C(O)=O)cc(C(N)=O)c1,C984
OC(c1cccc(CN(CC2)CCS2(=O)=O)c1)=O,C985
OC(COc(cc1)cc(Cl)c1F)=O,C986
OC(C(CCC1)CN1C(N(CC1)Cc2c1scc2)=O)=O,C987
OC(c1cc(Nc2ncccn2)ccc1)=O,C988
OC(C(CC1)Cc2c1cccc2)=O,C989
CC(C)c(cc1C(C)C)cc(C(O)=O)c1O,C990
OC(C(CC1)N1C1CCCC1)=O,C991
OC(CN1N=C(c2cccs2)OC1=O)=O,C992
CC/C=C\CC(O)=O,C993
OC(c(cc1)ccc1C(Nc1ccccc1)=O)=O,C994
Cc1cccc(C2(CCC2)C(O)=O)c1,C995
CS(c(cc1)ccc1OCc1ccc(C(O)=O)o1)(=O)=O,C996
COc(ccc([N+]([O-])=O)c1CC(O)=O)c1F,C997
CN(C1CCCCC1)C(CCC(O)=O)=O,C998
N#Cc(cccc1)c1Oc(ccc(C(O)=O)c1)c1Cl,C999
CC(C)C(C(O)=O)n1ncc(C)c1,C1000
CC(C)S(C(C)C(O)=O)(=O)=O,C1001
Cc1c(C(O)=O)c(SC)nc(-c2ccco2)n1,C1002
CC(C)(Cc1c2c(C)c(C(O)=O)[nH]1)CC2=O,C1003
OC(c1cc2ccccc2c(O)c1)=O,C1004
OC(C1)(Cc2c1cccc2)C(O)=O,C1005
CC(C)c1nccn1CC(O)=O,C1006
OC(c1nccnc1C(N1CCOCC1)=O)=O,C1007
CCN(CCC1)CC1C(O)=O,C1008
COc(cccc1/C=C/C(O)=O)c1OC(F)F,C1009
OC(C1(CC1)c(cc1)ccc1Cl)=O,C1010
CC(C1=C(N2)N(C)NC1=O)=C(CCC(O)=O)C2=O,C1011
NC(c(cc1)ccc1Oc(cc1)ccc1C(O)=O)=O,C1012
[O-][N+](c(cc(cc1)C(O)=O)c1-n1cncc1)=O,C1013
CC(C)(C1CCCC1)C(O)=O,C1014
OC(c1ccc(COc2cc3ccccc3cc2)o1)=O,C1015
CN(Cc1cnccc1)S(c1cn(C)c(C(O)=O)c1)(=O)=O,C1016
OC(c(cc(cc1)Br)c1O)=O,C1017
C#CCN(CCC1)C1C(O)=O,C1018
Cc1noc2c1c(C(O)=O)cc(-c1cccs1)n2,C1019
CC(C)n1nccc1[C@H]1OCC[C@@H]1C(O)=O,C1020
CS(c(cc(cc1)C(O)=O)c1F)(=O)=O,C1021
C=C(C1)CC1C(O)=O,C1022
Cn1nnnc1SCC(O)=O,C1023
CC(C)Oc1cccc(CC(O)=O)c1,C1024
CC(C)(C)CC(N(CSC1)C1C(O)=O)=O,C1025
Cc1c(C(O)=O)nnn1-c(ccc(Br)c1)c1Cl,C1026
COc1cc(OC)c(/C=C/C(O)=O)cc1,C1027
CC(C)(Cc1c2c(C)c(C(O)=O)o1)CC2=O,C1028
CC(C)NC(NCc(cc1)ccc1C(O)=O)=O,C1029
CC(C)CC1(CC1)C(O)=O,C1030
OC(c(cccc1O)c1O)=O,C1031
OC(C(CCCC1)N1C(C1CCCC1)=O)=O,C1032
Cc1c(C)cc(CC(O)=O)cc1,C1033
OC(CSCc1nc(cccc2)c2[nH]1)=O,C1034
CCN(C(C)C)c(cc1)ncc1C(O)=O,C1035
Cn1nc(C(F)(F)F)c2c1sc(C(O)=O)c2,C1036
OC(c(cc1)cc(F)c1O)=O,C1037
OC(C1(CC(N2CCOCC2)=O)CCCC1)=O,C1038
CS(N(C1)c(cccc2)c2OC1C(O)=O)(=O)=O,C1039
OC(c(cc1)ccc1Oc1cccc(Cl)c1)=O,C1040
CC1CCN(CC(O)=O)CC1,C1041
OC(c1noc(Cc(cccc2)c2F)n1)=O,C1042
C[C@H](CC1)CC[C@@H]1C(O)=O,C1043
Cc(cc(cc1)[N+]([O-])=O)c1C(O)=O,C1044
CCCC(C(O)=O)N(C)C,C1045
CC(c(cc1C#N)c(C)nc1SCC(O)=O)=O,C1046
CC1Oc(cccc2)c2N(CCC(O)=O)C1=O,C1047
OC(c1cc2ccccc2cc1)=O,C1048
Cc1noc(C)c1Cc1ccc(C(O)=O)o1,C1049
OC(C1CN(Cc2ccncc2)CCC1)=O,C1050
OC(c(ccc1ccccc11)c1O)=O,C1051
CN(C1)c(ccc(C(O)=O)c2)c2NC1=O,C1052
OC(C1(CCC1)c1cccc(C(F)(F)F)c1)=O,C1053
CC(C)C(C(O)=O)N(CCC1)C1=O,C1054
Cc(nc(c(C(O)=O)c1)O)c1Br,C1055
Cc1ccc(-c2nc(C)c(C(O)=O)s2)o1,C1056
Cc(cc1)c(C)cc1OCC(O)=O,C1057
OC([C@@H](C1)[C@H]1C1CCCCC1)=O,C1058
COc1cccc(CC(O)=O)c1OC,C1059
OC(c1c(C(F)(F)F)nc(NCC2OCCC2)s1)=O,C1060
Cc1cc([N+]([O-])=O)cc(C(O)=O)n1,C1061
OC(C(CSC1)N1C(C1CCC1)=O)=O,C1062
OC(c(cc(cc1)Br)c1-n1nnnc1)=O,C1063
OC(C(c1cccs1)c1cccs1)=O,C1064
NC(c(cc1)ccc1NCC(O)=O)=O,C1065
CC(C(O)=O)N1CCC(Cc2ccccc2)CC1,C1066
CCc1cccnc1C(O)=O,C1067
CCn1nccc1COCC(O)=O,C1068
OC(c(cc1)cc2c1scc2)=O,C1069
CC(CC(O)=O)c(ccc(F)c1)c1F,C1070
CN(CC(C1)C(O)=O)C1=O,C1071
COc(ccc(S(C)(=O)=O)c1)c1C(O)=O,C1072
CN(CC1)CCC1C(O)=O,C1073
Cc(nc(cc1)-c2ccco2)c1C(O)=O,C1074
OC(CCCCc(cc1)ccc1I)=O,C1075
Cn1c(C(O)=O)cc(S(N2CCOCC2)(=O)=O)c1,C1076
OC(COc(cccc1)c1Cl)=O,C1077
CN(CCC1)CC1C(O)=O,C1078
Cc1cccc(-c(cccc2)c2C(O)=O)c1,C1079
OC(CSc1nncn1C1CC1)=O,C1080
C/C=C/c1cc(C(O)=O)cc(OC)c1OC,C1081
CNC(NCC(O)=O)=O,C1082
CC(C)c1noc2nc(-c3ccco3)cc(C(O)=O)c12,C1083
CC1(CCC1)C(O)=O,C1084
OC(C(CCC1)CN1C(c1cccs1)=O)=O,C1085
OC(c(cc(cc1)Cl)c1O)=O,C1086
CN(C1CCCCC1)S(c(cc1)ccc1C(O)=O)(=O)=O,C1087
OC(Cc1cccc(C(F)(F)F)c1)=O,C1088
OC(c1ccc(-c2nc(cccc3)c3s2)o1)=O,C1089
O[C@H](C[C@H]1C(O)=O)CN1C(c1nc2ccccc2cc1)=O,C1090
CCc1ncnc(CC)c1C(O)=O,C1091
CC(C)c1nn(C)c(C(O)=O)c1[N+]([O-])=O,C1092
OC(CC(CC1)Cc2c1cccc2)=O,C1093
COc(cc(cc1)C(O)=O)c1[N+]([O-])=O,C1094
CC(N1CC(O)=O)=CSC1=O,C1095
NC(Nc1cc(C(O)=O)ccc1)=O,C1096
CCS(N(CC1)CCC1C(O)=O)(=O)=O,C1097
OC(c1cc(COC2)c2cc1)=O,C1098
OC(Cc1ccco1)=O,C1099
OC(C(CCC1)N1C(C1CCCC1)=O)=O,C1100
OC(c1cccc(C(F)(F)F)c1O)=O,C1101
COc1cccc(CCC(O)=O)c1OC,C1102
CC(C(C)=NN1C)=C(C(N(CSC2)C2C(O)=O)=O)C1=O,C1103
OC(c(cc1)ccc1Sc1ncccc1)=O,C1104
Cc1cccc(C2(CCCC2)C(O)=O)c1,C1105
OC(c1cccnc1-n1ncc(Br)c1)=O,C1106
OC(c1ccc(COc(ccc(F)c2)c2Cl)o1)=O,C1107
CC(C(O)=O)N1CCCCCC1,C1108
CCN(Cc(cc1)ccc1C(O)=O)C(C)C,C1109
CN(C(C=CN1CC(O)=O)=O)C1=O,C1110
COc(cccc1CC(O)=O)c1F,C1111
OC(c1csc(Nc2ncccc2)n1)=O,C1112
Cc(cc(cc1)C(O)=O)c1I,C1113
CC(N(CCOC1)C1C(O)=O)=O,C1114
OC1(CSCC1)C(O)=O,C1115
COc(cccc1C(O)=O)c1[N+]([O-])=O,C1116
Cc1c(Cc2ccc(C(O)=O)o2)c(C)n[nH]1,C1117
OC(C(CC1)CCN1C(C1CC1)=O)=O,C1118
Cc(nc(C1CC1)cc1)c1C(O)=O,C1119
OC(c(cc(cc1)F)c1-n1c(cccc2)c2nc1)=O,C1120
OC(CN(CSC1)C1=O)=O,C1121
OC(CCc1c2OCOc2ccc1)=O,C1122
CC(C)(C(O)=O)c1c(C)cccc1,C1123
OC(CSc1nnnn1C1CCCC1)=O,C1124
OC(c(cccc1)c1I)=O,C1125
CCC(CC(O)=O)SC,C1126
OC(c1noc(Cc(cc2)ccc2Cl)n1)=O,C1127
OC([C@@H](CN(Cc1ccccc1)C1)[C@H]1c1ncccc1)=O,C1128
COc(ccc([N+]([O-])=O)c1)c1C(O)=O,C1129
Cc(cc(C(O)=O)c1c2)nc1ccc2OC,C1130
CC(N1C(CC(O)=O)CCCC1)=O,C1131
Cn(cc1c(C(F)F)c2)nc1nc2SCC(O)=O,C1132
OC(Cc(cc1)cc(O2)c1OC2(F)F)=O,C1133
CC(C)CN(CC1)CCC1C(O)=O,C1134
CS(c(cccc1)c1C(O)=O)(=O)=O,C1135
CCN(c(cccc1)c1N1CC(O)=O)C1=O,C1136
CC(CC(F)(F)F)C(O)=O,C1137
OC(c1cc(Cl)c2OCCCOc2c1)=O,C1138
OC(CC1)CCN1C(C(O)=O)c1ccccc1,C1139
Cc(nc(cc1)-c2cccs2)c1C(O)=O,C1140
OC(c1ccc(CN2CCCC2)s1)=O,C1141
OC(c(cc(cc1)Cl)c1-n1nnnc1)=O,C1142
Cc1ccc([C@@H](C2)[C@H]2C(O)=O)cc1,C1143
NC(c1coc(C(O)=O)c1)=O,C1144
CC(CCC1)(CN1C(c1ccccc1)=O)C(O)=O,C1145
OC(c1ccc(C(F)(F)F)cc1)=O,C1146
OC(CN(c(cccc1)c1N1)C1=O)=O,C1147
OC(COc(cc1)cc2c1oc1c2cccc1)=O,C1148
CN1CC(CC(O)=O)CC1,C1149
CSc(ccc(C(O)=O)c1)c1[N+]([O-])=O,C1150
CC(C(O)=O)N1CCCCC1,C1151
CC(C)(C)C(CC1)Cc2c1onc2C(O)=O,C1152
OC(c(cc1)ccc1Oc(cc1)cc(F)c1F)=O,C1153
OC(C(CN1CCCC1)c1ccccc1)=O,C1154
OC(c1csc(-c2cnc[nH]2)n1)=O,C1155
OC(c1cccnc1Sc1cc(C(F)(F)F)ccc1)=O,C1156
CN(CCCC1)C1C(O)=O,C1157
OC(Cc1cc2ccccc2cc1)=O,C1158
OC(/C=C/C(N(CC1)CCN1c1ccccc1)=O)=O,C1159
CS(c(cc1)ccc1OCC(O)=O)(=O)=O,C1160
OC(CC1CCCC1)=O,C1161
CCc1cccc(C(O)=O)c1O,C1162
OC(CCc(nc1NC(C(F)F)=C2)nn1C2=O)=O,C1163
CC(C(O)=O)(c1c(C(F)(F)F)cccc1)O,C1164
CC(N(CC1)CCN1C(CCC(O)=O)=O)=O,C1165
N#Cc(cc1)cnc1Oc(cc1)ccc1C(O)=O,C1166
OC(C(CCN1c2cccc(Cl)c2)C1=O)=O,C1167
Cc(c(c1nc(C2CC2)c2)c2C(O)=O)nn1-c(cc1)ccc1F,C1168
OC(c(scc1)c1S(N1CCOCC1)(=O)=O)=O,C1169
OC(CCc1c(C(F)(F)F)cccc1)=O,C1170
CCOCCC1(CCCC1)C(O)=O,C1171
Cc(ccc(C(O)=O)c1)c1S(C)(=O)=O,C1172
Cc(cccc1)c1C(NCC(O)=O)=O,C1173
CC(C)(C(O)=O)c1cnccc1,C1174
OC(CCN(C=CNC1=O)C1=O)=O,C1175
COc(c(OC)c1)cc(C(O)=O)c1I,C1176
CCCCS(N(CCCC1)C1C(O)=O)(=O)=O,C1177
CN(C)S(c(cc1)ccc1C(O)=O)(=O)=O,C1178
CCC(c(c(OCC(O)=O)cc(C)c1)c1O1)=CC1=O,C1179
CC(CC1)CCN1C(C(O)=O)=O,C1180
OC(Cc1cccc(Cl)c1Cl)=O,C1181
O[C@H](CCC1)[C@@H]1n1nnc(C(O)=O)c1,C1182
OC(c1cccnc1Oc(ccc(F)c1)c1Br)=O,C1183
CC(C)(C1)CC(C)(C)CC1C(O)=O,C1184
OC(CSc1nccn1-c1cccc(Cl)c1)=O,C1185
[O-][N+](c(c(C(O)=O)ccc1)c1O)=O,C1186
CCN(CC(C1)C(O)=O)C1=O,C1187
N#Cc(cc1)cnc1C(O)=O,C1188
Cc(cc(CC(O)=O)cc1)c1OC,C1189
OC(C(CC1)CCN1S(c1cccs1)(=O)=O)=O,C1190
Cc1c([C@@H](C2)[C@H]2C(O)=O)cccc1,C1191
CC(C)NC(Nc1cc(C(O)=O)ccc1)=O,C1192
OC(c(cc1)cc(F)c1-n1nccc1)=O,C1193
OC(CCS(N1CCOCC1)(=O)=O)=O,C1194
CC1(COC1)C(O)=O,C1195
CCOc1cc(/C=C/C(O)=O)cc(Cl)c1O,C1196
N#Cc(cc1)ccc1OCc1ccc(C(O)=O)o1,C1197
CC(N(CCC1)CC1C(O)=O)=O,C1198
OC(c(cc(cc1)F)c1O)=O,C1199
OC(Cc1csc(Cc2ncccc2)n1)=O,C1200
OCC1(CC(O)=O)CC1,C1201
CC(CCCC1)N1c1nccc(C(O)=O)c1,C1202
C=CCN(c(n1-c2c3cccc2)nnc1SCC(O)=O)C3=O,C1203
COc1cccc(C(c(cc2)ccc2C(O)=O)=O)c1,C1204
CC(C(O)=O)=C1CCCC1,C1205
CC(C)(C)C(N(CCC1)C1C(O)=O)=O,C1206
OC(Cc(ccc(F)c1)c1F)=O,C1207
Cn(cc1)c(cc2)c1cc2C(O)=O,C1208
OC(C1COCC1)=O,C1209
OC(c1csc(-c(s2)ccc2Cl)n1)=O,C1210
CN(C)C(C(O)=O)c1ccccc1,C1211
COc(cc1OC)cc2c1[nH]c(C(O)=O)c2,C1212
OC(CCN1CCOCC1)=O,C1213
OC(c(cc1)cc(Br)c1F)=O,C1214
CO[C@H](C1)C[C@@H]1C(O)=O,C1215
Cc(c(c1nc(C2CC2)c2)c2C(O)=O)nn1-c1ccccc1,C1216
CN(CCCC(O)=O)S(c1cccs1)(=O)=O,C1217
CC(C)Oc(cc1)ccc1C(O)=O,C1218
CN([C@@H]([C@H](C1)C(O)=O)c2cccs2)C1=O,C1219
Cc1cc(/C=C/C(O)=O)c(C)n1-c1noc(C)c1,C1220
COc1cccc(CC(O)=O)c1,C1221
OC(C1COCCC1)=O,C1222
OC(c(cccn1)c1Oc1cnccc1)=O,C1223
OC(c1ccc(CN2CCCC2)cc1)=O,C1224
Cn1c([N+]([O-])=O)ccc1C(O)=O,C1225
OC([C@H](C1)[C@@H]1c1ccccc1)=O,C1226
COc(cccc1)c1OCC(O)=O,C1227
OC(C(CCCC1)N1C(c1cccs1)=O)=O,C1228
Cc(ccc([N+]([O-])=O)c1)c1C(O)=O,C1229
CN1CCN(Cc2cccc(C(O)=O)c2)CC1,C1230
OC(C1(CC1)c(cccc1)c1Br)=O,C1231
Cc1noc(COCC(O)=O)c1,C1232
OC(c(cc1)ccc1OCC1OCCC1)=O,C1233
OC(C(C1)CN(Cc2ccco2)C1=O)=O,C1234
Cc1cc(C(O)=O)cc(C)c1,C1235
OC(Cc(c(Cl)ccc1)c1Cl)=O,C1236
CC(C)(C)CC(N(CCC1)C1C(O)=O)=O,C1237
Cc1nc(-c2cccs2)nc(SC)c1C(O)=O,C1238
CS(N(CC1)CCC1C(O)=O)(=O)=O,C1239
COc(cc(C(F)(F)F)cc1)c1C(O)=O,C1240
OC(CCN1c(ccc(Br)c2)c2OCC1=O)=O,C1241
OC(c1cccc(C(F)(F)F)n1)=O,C1242
COc1cc(CCC(O)=O)cc(OC)c1OC,C1243
Cc1nn(C(CC2)CS2(=O)=O)c(Cl)c1/C=C/C(O)=O,C1244
N#Cc1ccc(CC(O)=O)cc1,C1245
Cc(oc(C(O)=O)c1)c1SC,C1246
OC(C(CC1=O)CN1c1cc(F)cc(F)c1)=O,C1247
COc(c(OC)c1)cc(C(O)=O)c1Cl,C1248
OC(C1(CC1)n1nnnc1)=O,C1249
OC(c(cc1)ccc1OC1CCCCC1)=O,C1250
Cc1n[nH]c(C(O)=O)n1,C1251
CC(C)CN(C1(CCCC1)C(C(O)=O)c1c2cccc1)C2=O,C1252
OC(c(cc1O)cnc1I)=O,C1253
CCS(N(CC1)CCC1(C(O)=O)c1ccccc1)(=O)=O,C1254
CC(c(cc1)ccc1C(O)=O)=O,C1255
OC(c1ccc(COc(cccc2)c2Br)o1)=O,C1256
CC(C(O)=O)c1cccc(Br)c1,C1257
OC(C(CC1)=NN(C(CC2)CS2(=O)=O)C1=O)=O,C1258
Cc(cc(c(OC)c1)OC)c1C(O)=O,C1259
CN(C(/C=C\C(O)=O)=O)c1ccccc1,C1260
Cc1cccc(CN(CCCC2)C2C(O)=O)c1,C1261
OC(c(cc12)cnc1c(F)ccc2F)=O,C1262
CN(C)c1nc(sc(C(O)=O)c2)c2s1,C1263
CCOC(N(CC1)CCC1C(O)=O)=O,C1264
CS(c1ccc(CC(O)=O)cc1)(=O)=O,C1265
OC(C1Oc(cccc2)c2OC1)=O,C1266
Cn(ccc1ccc2)c1c2C(O)=O,C1267
CN(CCC1)C1C(O)=O,C1268
CCOCc1ccc(C(O)=O)o1,C1269
CC(C)c(ccc(C(O)=O)c1)c1[N+]([O-])=O,C1270
OC([C@@H](C1)[C@H]1c1cnccc1)=O,C1271
OC(C(CCC1)CN1C(Cc1ccccc1)=O)=O,C1272
COc(ccc(C(O)=O)c1)c1OCc1ncccc1,C1273
OC(c1cccc(C(F)F)c1)=O,C1274
COc1cccc(C[C@]2([C@@H](CC3)C[C@@H]3C2)C(O)=O)c1,C1275
CC(C)Nc(cc1)ncc1C(O)=O,C1276
[O-][N+](c1nn(Cc2ccc(C(O)=O)s2)cc1)=O,C1277
CS(c1c(CC(O)=O)cccc1)(=O)=O,C1278
OC(CC1CCCCCC1)=O,C1279
CC(C)[C@@H](C(O)=O)n1nnnc1,C1280
OC(c(cc1)cc(Cl)c1F)=O,C1281
CN(C)C(CN(C=CC=C1C(O)=O)C1=O)=O,C1282
Cc(ccc(CC(O)=O)c1)c1O,C1283
Cc(s1)ccc1S(N(CCC1)C1C(O)=O)(=O)=O,C1284
CCc(cc1)ccc1C(O)=O,C1285
OC(CSCc1noc(-c2cccs2)c1)=O,C1286
OC(CCC(N(CC1)CCN1c(cc1)ccc1Cl)=O)=O,C1287
N#Cc(cc1)ccc1Oc1cccc(C(O)=O)c1,C1288
OC(C(C1)CC1=O)=O,C1289
OC(c1ccc(CNC(c2c3cccc2)=NS3(=O)=O)cc1)=O,C1290
OC(C(CC1=O)CN1c1ccccc1)=O,C1291
CCc(nc(C(C)C)cc1)c1C(O)=O,C1292
CCCN(CCC1)C1C(O)=O,C1293
CN(CC(O)=O)c(ccc(Cl)c1)c1C#N,C1294
OC(c1cc(Br)ncc1F)=O,C1295
OC(CCC1CCCC1)=O,C1296
Cc(cccc1)c1N1N=C(SCC(O)=O)SC1=S,C1297
COc(cccc1C(O)=O)c1OC(F)F,C1298
OC(CCc(cc1)cc(F)c1F)=O,C1299
OC(CCN(C(CS1)=O)C1=S)=O,C1300
Cc(c1c2)nn(C)c1nc(C)c2C(O)=O,C1301
OC(CC(O)=O)(C1CC1)c1ccccc1,C1302
OC(c1ccc(CSc2ccccc2)o1)=O,C1303
CC(C(O)=O)c1c(C(F)(F)F)cccc1,C1304
OC(c1cc([nH]cc2)c2cc1)=O,C1305
OC(Cc(s1)ccc1S(N1CCCC1)(=O)=O)=O,C1306
OC(c1cccc2cnccc12)=O,C1307
OC(C(CCC1)S1(=O)=O)=O,C1308
OC(CSc(cc1)cc2c1OCCO2)=O,C1309
CC(C)CN1NC(CC(O)=O)=CC1=O,C1310
COc(cc1)cc(C(c(cc2)ccc2C(O)=O)=O)c1OC,C1311
OC([C@@H](CN(Cc1ccccc1)C1)[C@H]1c1cccc(F)c1)=O,C1312
Cc1c(C(O)=O)nnn1-c(cccc1)c1Cl,C1313
CS(CCC(O)=O)(=O)=O,C1314
OC(C(CCC1)N1C(C1CC1)=O)=O,C1315
CC(c1cc(C(O)=O)c(C)nc1C)=O,C1316
CC(C)Cc1ccc([C@H](C)C(O)=O)cc1,C1317
OC(c1c2nc[nH]c2ncc1)=O,C1318
CC(C)n1c(SCC(O)=O)nnc1,C1319
Cc1cccc(C2(CCCCC2)C(O)=O)c1,C1320
CCOc(cc(/C=C/C(O)=O)cc1)c1OCc1ccccc1,C1321
OC(c1cn(CC(N2CCCC2)=O)nn1)=O,C1322
OC(c(cc1)cc(F)c1-c1ccncc1)=O,C1323
OC(CC(CC1)CCC1=O)=O,C1324
OC(c1ccc(COc(cccc2)c2Cl)o1)=O,C1325
OC(c(cccc1)c1-n1nccc1)=O,C1326
CC(C)C(N(CC1)CCC1C(O)=O)=O,C1327
OC(COc(cc1)ccc1Oc1ncccc1)=O,C1328
CC(CC1=C(C(O)=O)NNC1=O)O,C1329
OC(Cc(c(C(F)(F)F)ccc1)c1F)=O,C1330
[O-][N+](c(cc1)cc(O)c1C(O)=O)=O,C1331
OC(C(CCC1=O)CN1c1cccc(F)c1)=O,C1332
CCC(C)c(cc1)ccc1C(O)=O,C1333
CCn1nc(C(C)C)cc1C(N(CCC1)C1C(O)=O)=O,C1334
COc(cc1)cc(C(O)=O)c1OC,C1335
CC(C)c1nc(C)c(C(O)=O)s1,C1336
OC([C@@H](CN(Cc1ccccc1)C1)[C@H]1c(cc1)ccc1Cl)=O,C1337
OC(CN(C(C=C1)=O)NC1=O)=O,C1338
COc1cc(/C=C/C(O)=O)cc2c1OCCO2,C1339
CC(C(O)=O)c1cccc(Cl)c1,C1340
CCn1ncc2cc(C(O)=O)c(C)nc12,C1341
Cc1cc(/C=C(/C(O)=O)\C#N)c(C)n1CC1OCCC1,C1342
OC(c(s1)ccc1S(c1ccccc1)(=O)=O)=O,C1343
CC(C)CC(C(O)=O)N(CCCC1)C1=O,C1344
OC(c(cc(cc1)Cl)c1Oc(cc1)ccc1F)=O,C1345
N#Cc1cc(C(O)=O)ncc1,C1346
OC([C@@H]1[C@@H](c2ccccc2)OCCC1)=O,C1347
COc1cc(CC(O)=O)cc(OC)c1OC,C1348
OC(CC1(CCCCC1)n1cccc1)=O,C1349
OC(C(N1)=CNC1=O)=O,C1350
Cc1cccc(-n2c(ccc(C(O)=O)c3)c3nc2)c1,C1351
CN(CC1)CC1C(O)=O,C1352
CN(C)CCOc(cc1)ncc1C(O)=O,C1353
Cc1ccc(-c2ccc(C(O)=O)s2)s1,C1354
OC(c(cccc1)c1C(c(cc1)cc(F)c1F)=O)=O,C1355
OC(CCCN1CCCC1)=O,C1356
CC(C)C(C(O)=O)Oc1c(C(C)C)cccc1,C1357
COc(cc1cc2)ccc1nc2C(O)=O,C1358
Cc(n(CC(O)=O)nc1[N+]([O-])=O)c1Cl,C1359
CC(CC(O)=O)N(CCCC1)C1=O,C1360
OC(c(cc1)cc2c1n(Cc1ccccc1)cc2)=O,C1361
OC([C@@H](C1)[C@H]1c(cc1)ccc1Cl)=O,C1362
OC(c1cn(C2CCCCC2)nn1)=O,C1363
COc(c(OC)c1)cc(C(O)=O)c1F,C1364
CCN1CCN(CCC(O)=O)CC1,C1365
COc(cc(C(O)=O)s1)c1Br,C1366
Cc1cc(C(O)=O)cnc1Cl,C1367
CC(C)C(N(CCCC1)C1C(O)=O)=O,C1368
OC(c(cc1)ccc1N(CCN1)C1=O)=O,C1369
CC(C(O)=O)c1cc(C)ccc1,C1370
OC(C(CCC1)N1C(c(s1)ccc1Cl)=O)=O,C1371
CCOc(ccc(C(O)=O)c1)c1OCC,C1372
Cc(cc1)ccc1C(c(cccc1)c1C(O)=O)=O,C1373
OC(CCC(N(CC1)CCN1c1ccccc1)=O)=O,C1374
OC(c1coc(-c2cnccc2)n1)=O,C1375
OC(CC1C=CCC1)=O,C1376
CCOc(c(F)c1C(O)=O)ccc1F,C1377
CC(C)(CCC1C(O)=O)c2c1cccc2,C1378
OC(c(cc1)nnc1-n1ncc(Br)c1)=O,C1379
CCCCC(N(CSC1)C1C(O)=O)=O,C1380
OC(Cc(cc1)cc(F)c1O)=O,C1381
Cc1c(C(O)=O)c(SC)nc(C)n1,C1382
OC(C(CCC1)CN1C(COc1ccccc1)=O)=O,C1383
OC([C@@H]1[C@@H](c2ccccc2)OCC1)=O,C1384
CCOc(c(OC)cc(/C=C/C(O)=O)c1)c1Cl,C1385
OC(c1ccc(Cn2cncc2)o1)=O,C1386
OC(c1cc(F)cnc1Cl)=O,C1387
CC(N(CC1)CC1C(O)=O)=O,C1388
COc1c(C(F)(F)F)ccc(C(O)=O)c1,C1389
OC(C(CCC1)CN1S(Cc1ccccc1)(=O)=O)=O,C1390
OC(CSc1ncn[nH]1)=O,C1391
OC(c(cc1)ccc1Oc(cc1)ncc1Cl)=O,C1392
OC(C(C1CCCCC1)c1cnccc1)=O,C1393
[O-][N+](c(cccc1C(O)=O)c1O)=O,C1394
OC(CC1)CCN1C(CCC(O)=O)=O,C1395
COc(cc1)ccc1N(CC1)CCN1C(/C=C/C(O)=O)=O,C1396
CC(C)(C(O)=O)c(cc1)ccc1Br,C1397
Cn1c(/C=C/C(O)=O)ccc1,C1398
O[C@H](C[C@H]1C(O)=O)CN1S(c1ccccc1)(=O)=O,C1399
Cc(cc1)cc(O)c1C(O)=O,C1400
[O-][N+](c1ccc(C(O)=O)o1)=O,C1401
OC(Cc1cccc(OC(F)F)c1)=O,C1402
OC(C1CCCCCC1)=O,C1403
OC(c(cc1)nc2c1nc[nH]2)=O,C1404
CN(CC(O)=O)C(C1CC1)=O,C1405
COc(cc1)cc2c1oc(C(O)=O)c2,C1406
OC(c(cccc1)c1C(c1ccccc1)=O)=O,C1407
OC(CC(C(N1)=O)NC1=O)=O,C1408
OC(CCN1c(cccc2)c2OCC1=O)=O,C1409
CC(C(O)=O)c1ccc(C(F)(F)F)cc1,C1410
COCc1nc(C(O)=O)cs1,C1411
CCC(CC1CCCC1)C(O)=O,C1412
CCOc(c(OC)cc(C(O)=O)c1)c1Br,C1413
OC(CN(CCCC1)C1=O)=O,C1414
OC(c1cc(-c2cccs2)nc2c1c(C1CC1)no2)=O,C1415
CC(C(O)=O)c1cccc(F)c1,C1416
N#Cc(cc1)ccc1N(C[C@H](C1)O)[C@H]1C(O)=O,C1417
CC(C)c(cccc1)c1C(O)=O,C1418
OC(c1ccc(Cn2nccc2)s1)=O,C1419
Cc(cc(cc1)C(O)=O)c1Oc(cc1)ccc1O,C1420
CC(C)C(C(O)=O)n1nc(C)cc1C,C1421
OC(c1ccc(COc2ccccc2)o1)=O,C1422
CN(C)CCc(cc1)ccc1C(O)=O,C1423
OC(C=C1CCCCC1)=O,C1424
OC(CCN1c(cccc2)c2SCC1=O)=O,C1425
CS(N(Cc1c(C2)cccc1)C2C(O)=O)(=O)=O,C1426
CCc(ccc(C(O)=O)c1)c1[N+]([O-])=O,C1427
CC(CN1CCCCC1)C(O)=O,C1428
COc(cccc1)c1SCC(O)=O,C1429
N#Cc(cc1)ccc1C(O)=O,C1430
CCN(CC)S(C(C=C1)=CN(CC(O)=O)C1=O)(=O)=O,C1431
OC(C1(CCCCC1)c1cccc(Cl)c1)=O,C1432
COc(ccc1c2cc(C(O)=O)[nH]1)c2OC,C1433
OC(C(C1)CN(CCc2ccccc2)C1=O)=O,C1434
OC(c1cnc2c(F)cccc2c1)=O,C1435
CC(C)C(CC(O)=O)c1ccccc1,C1436
CCc1c(C(O)=O)nco1,C1437
OC(c(cc1)ccc1N(CC1)CCN1c1ccccc1)=O,C1438
[O-][N+](c1ccc(C(N(CCC2)C2C(O)=O)=O)s1)=O,C1439
CCOc1cc(C(O)=O)cc(Cl)c1O,C1440
CC(C(O)=O)c1ccccc1,C1441
Cn1ncc2c1ncc(C(O)=O)c2OC,C1442
CN(C(CC(O)=O)CC1)C1=O,C1443
OC(c(cc1)ccc1C#Cc1ccccc1)=O,C1444
CCC(C1)=NOC1C(O)=O,C1445
OC(CSc1cc(CCC2)c2cc1)=O,C1446
OC(C(CCN1c(cc2)ccc2F)C1=O)=O,C1447
OC(c1cc(Nc2ccccc2)ccc1)=O,C1448
CC(C)C(C(O)=O)N(C(c1c2cccc1)=O)C2=O,C1449
Cc1c(C(O)=O)nco1,C1450
COc(ccc(C(O)=O)c1)c1-c1ncccc1,C1451
CC1(C)CCC(CC(O)=O)CC1,C1452
OC(CSc1nc2ccccc2nc1N1CCOCC1)=O,C1453
Cc1c(C(O)=O)sc(N(C)C)n1,C1454
CC(C)(C(O)=O)c(cc1)ccc1Cl,C1455
OC(CC(C1)Oc(cccc2)c2S1(=O)=O)=O,C1456
CN(C)C/C=C/C(O)=O,C1457
OC(CC(O)=O)(C(F)(F)F)c1nccn1Cc1ccccc1,C1458
COc(ccc(C(O)=O)c1)c1S(C)(=O)=O,C1459
OC(CCC(N(CC1)CCN1c1ncccn1)=O)=O,C1460
COc1cc(Cl)c(CC(O)=O)cc1,C1461
OC(c1cnc2c(Cl)cccc2c1O)=O,C1462
OC(c1n[nH]c2c1CCC2)=O,C1463
OC(C(CC1=O)CN1c(cc1)ccc1OC(F)(F)F)=O,C1464
COC(c(cccc1)c1-c(cccc1)c1C(O)=O)=O,C1465
CN(CC(O)=O)S(C)(=O)=O,C1466
OC([C@@H](C1)[C@H]1c1cccc(Br)c1)=O,C1467
OC(c(ccc(-n1cccc1)c1)c1O)=O,C1468
CCCC(N(CSC1)C1C(O)=O)=O,C1469
COc(cc(/C=C/C(O)=O)cc1)c1OC(F)F,C1470
OC(CC1C=CCCC1)=O,C1471
OC(c1csc(-c2ncccn2)n1)=O,C1472
CN(C=NN1CCC(O)=O)C1=O,C1473
OC(c(cccc1)c1C(c(cc1)ccc1F)=O)=O,C1474
CC(C1)(CC1=O)C(O)=O,C1475
COC(c(cc1)ccc1C(O)=O)=O,C1476
CCCc1noc(CCC(O)=O)n1,C1477
CN(c1nc(-c2ccccc2)cc(C(O)=O)c1C(N1)=O)C1=O,C1478
OC(CCCN(CC1)CCN1c1ccccc1)=O,C1479
CC(C)(C)c(nc1)ncc1C(O)=O,C1480
CCN(CC)S(c1cn(C)c(C(O)=O)c1)(=O)=O,C1481
CC(CC(O)=O)Cc(cc1)ccc1Cl,C1482
CCS(c(cc1)cc(C(O)=O)c1OC)(=O)=O,C1483
CCC(N(CSC1)C1C(O)=O)=O,C1484
OC(c1cc(Cl)nc(C2CC2)c1)=O,C1485
Cc1c(C(O)=O)sc(C2OCCC2)n1,C1486
Cc(cc1)cc(C(O)=O)c1[N+]([O-])=O,C1487
CC(Cc(cc1)ccc1OC(F)(F)F)C(O)=O,C1488
C[C@@H](CN(Cc1ccccc1)C1)[C@H]1C(O)=O,C1489
OC(c1cccc(-n2ncc(Br)c2)c1)=O,C1490
OC(Cc(cc1)cc(Br)c1F)=O,C1491
CCCCS(N(CCC1)C1C(O)=O)(=O)=O,C1492
CCOc(c(OC)cc(C(O)=O)c1)c1Cl,C1493
Cc(oc(S(N(C)C)(=O)=O)c1)c1C(O)=O,C1494
CC(C)(CCC(O)=O)c1ccccc1,C1495
C#CCN(CC1)CCC1C(O)=O,C1496
Cc1cc(C(O)=O)cnc1F,C1497
OC(COCC(N1)=Nc(cccc2)c2C1=O)=O,C1498
CC(C(O)=O)(c(cc1)ccc1Cl)O,C1499
NC(C(c1c2cccc1)=NN(CC(O)=O)C2=O)=O,C1500
OC(c(cc1)cc(F)c1-n1cccc1)=O,C1501
CN(Cc1ccccc1)C(N(CC1)CCC1C(O)=O)=O,C1502
OC(CC1Oc(cccc2)c2OC1)=O,C1503
COc1cc(C(O)=O)cc(Cl)c1,C1504
OC1CCN(CCC(O)=O)CC1,C1505
OC(CSc1nncs1)=O,C1506
Cc1c(C(O)=O)c(COC)nc2ccccc12,C1507
OC(C(CCC1)N1C(c1ccco1)=O)=O,C1508
COc(ccc(C(O)=O)c1)c1-n1nnnc1,C1509
CC(C1CCCC1)C(O)=O,C1510
OC(Cc(cc1)ccc1O)=O,C1511
CN(C1CCCCC1)C(c(cccc1)c1C(O)=O)=O,C1512
OC(c1ccc(Oc2cnccc2)o1)=O,C1513
COc1c(Cn2c(ccc(C(O)=O)c3)c3nc2)cccc1,C1514
CCN(CC1)CCC1(C(O)=O)c1ccccc1,C1515
CCCS(C(C)C(O)=O)(=O)=O,C1516
COc(cc(cc1)C(O)=O)c1OCc(cccc1)c1Cl,C1517
OC(c1c(-c2cccs2)ocn1)=O,C1518
O[C@H](C[C@H]1C(O)=O)CN1C(Cc1cc2ccccc2cc1)=O,C1519
N#Cc1c(/C=C/C(O)=O)cccc1,C1520
CCC(CC)CC(O)=O,C1521
Cc1cc(Br)c(C)cc1SCC(O)=O,C1522
CC(C(O)=O)N(CCCC1)C1=O,C1523
CNc1cc(C(O)=O)cc(Cl)n1,C1524
Cc1ccc([C@H]2OCCC[C@@H]2C(O)=O)cc1,C1525
OC(c(cc1)ccc1-n1c(cccc2)c2nc1)=O,C1526
CC1n2nnnc2N(C)C(C)=C1C(O)=O,C1527
COc(c(C(O)=O)c(cc1)F)c1F,C1528
OC(CCc1ccccc1)C(O)=O,C1529
OC(CCCN1CCCCC1)=O,C1530
Cc(ccc(C(O)=O)c1)c1Br,C1531
Cc1ccc(-c2n[nH]c(C(O)=O)c2)o1,C1532
CC(C)C(N(CCC1)C1C(O)=O)=O,C1533
CCOc1c(CCC(O)=O)cccc1,C1534
OC(c1cncc(N2CCOCC2)c1)=O,C1535
CC(C)c1ccc(CC(O)=O)cc1,C1536
Cc(c1c2)nn(C)c1ncc2C(O)=O,C1537
OC(C1CC(CCC2)CC2C1)=O,C1538
OC(CN(C(c1c2cccc1)=O)NC2=O)=O,C1539
CC(C)c1nnc(CCC(O)=O)o1,C1540
OC(c(cc1cc2)ccc1nc2Cl)=O,C1541
CS(Cc1c(C(O)=O)oc2c1cccc2)(=O)=O,C1542
CCc(cc1)ccc1OCC(N(C[C@@H](C1)O)[C@@H]1C(O)=O)=O,C1543
OC(c(cc1)cc(F)c1-n1ncnc1)=O,C1544
OC(C(C1)CC1(F)F)=O,C1545
OC(c1nc(CCC2)c2s1)=O,C1546
CC(C(O)=O)c1cccc(C(c2ccccc2)=O)c1,C1547
COc(cc1)ccc1C(O)=O,C1548
OC(C1(CC2)Sc(cccc3)c3N1C2=O)=O,C1549
CCN(c1nc(C(C)C)cc(C(O)=O)c1C(N1)=O)C1=O,C1550
OC(CC1(CCSCC1)n1cccc1)=O,C1551
OC(CCc1ccco1)=O,C1552
OC(c1c(cc(cc2)Br)c2nc(-c2ccncc2)c1)=O,C1553
C[C@@H](c1ccccc1)N(C[C@H](C1)C(O)=O)C1=O,C1554
OC(c(ccc(-n1nnnc1)c1)c1O)=O,C1555
OC([C@@H](C1)[C@H]1c1cccc(Cl)c1)=O,C1556
OC(/C=C/c1c[nH]nc1)=O,C1557
O[C@@H](C[C@@H]1C(O)=O)CN1S(c1cc2ccccc2cc1)(=O)=O,C1558
COc(c(F)c1C(O)=O)ccc1F,C1559
CC(C)(C1)CC(NC(C(C(O)=O)=C2)=O)=C2C1=O,C1560
CC(C)(C(O)=O)c(cc1)ccc1F,C1561
[O-][N+](c(cccc1)c1OCC(O)=O)=O,C1562
OC(CCN(CCC1)S1(=O)=O)=O,C1563
OC(C(CCC1)N1C(c1cccs1)=O)=O,C1564
OC(c(ccc(I)c1)c1F)=O,C1565
CC(CC(O)=O)(c1ccccc1)O,C1566
CN(c1ccccc1)c(cc1)ncc1C(O)=O,C1567
OC(c(cccc1)c1N(CCC(N1)=O)C1=O)=O,C1568
CC(CC(OC)=O)C(O)=O,C1569
Cc1cc(C(O)=O)cc(C)c1OC,C1570
OC(CCN(C=Nc1c2scc1)C2=O)=O,C1571
OC(C=C1CCC1)=O,C1572
OC(C(C1)c2c1cccc2)=O,C1573
OC(c1ccc(COc(cc2)ccc2Cl)s1)=O,C1574
Cc(ccc(C(O)=O)c1)c1-n1cccc1,C1575
OC(CSc1nnc(C2CC2)n1Cc1ccccc1)=O,C1576
Cc1nc(C(O)=O)cs1,C1577
OC(C1N(Cc(cc2)ccc2F)CCCC1)=O,C1578
N#Cc1nccc(Oc2ccc(CC(O)=O)cc2)c1,C1579
OC(c1cc(NC2CCCC2)ncc1)=O,C1580
OC([C@H](C1)[C@@H]1c1cc2ccccc2cc1)=O,C1581
COc(cc1C(O)=O)cnc1F,C1582
CCC(C(O)=O)n1nc(C(F)(F)F)cc1C1CC1,C1583
[O-][N+](c(cc(cc1)C(O)=O)c1O)=O,C1584
OC(/C=C/C(N1CCOCC1)=O)=O,C1585
CC(C(O)=O)(c(cc1)ccc1F)O,C1586
CCOc1c(C(O)=O)nc(-c2cccs2)o1,C1587
COc1cccc(N(CC(C2)C(O)=O)C2=O)c1,C1588
OC(c(cccc1)c1Sc1ccccc1)=O,C1589
CC(CC(C)(C)C)CC(O)=O,C1590
NC(c(cc1)ccc1OCC(O)=O)=O,C1591
Cc1c(CN2CCOCC2)c(C(O)=O)no1,C1592
Cc(ccc(C(O)=O)c1)c1Cl,C1593
Cc1nc(O)nc(C)c1CC(O)=O,C1594
NC(c(ncn1c(C(O)=O)c2)c1nc2-c1ccco1)=O,C1595
CC(CC1CCCC1)C(O)=O,C1596
OC(c(cc1)ccc1N(C=Nc1c2cccc1)C2=O)=O,C1597
OC(c(cc(cc1)Oc2ccccc2)c1O)=O,C1598
CC(Cn1ncc(Cl)c1)c1nc(C)c(C(O)=O)s1,C1599
OC(Cc1ccc(C(F)(F)F)cc1)=O,C1600
OC(C(CCC1)N1C(c1cncn1-c1ccccc1)=O)=O,C1601
OC(c1c(cc(cc2)Cl)c2nc(C2CC2)c1)=O,C1602
OC(CCc1ccc(-c2cccs2)o1)=O,C1603
OC(c(cc(cc1)Cl)c1OC(F)F)=O,C1604
OC(C(CCC1)N1C(Nc1ccccc1)=O)=O,C1605
CC(C)c1nc(C(O)=O)c[nH]1,C1606
COc1cc(CCC(C2)C(O)=O)c2cc1,C1607
Cc(cccc1)c1Sc(cc1)ccc1C(O)=O,C1608
CC(C)Cc1c(C(O)=O)nc(-n2cccc2)s1,C1609
CCOc1c(CC(O)=O)cccc1,C1610
OC(CC1CC1)=O,C1611
Cc(cc(C(O)=O)nc1NN2)c1C2=O,C1612
Cc(cc1)cnc1N(CCC1)CC1C(O)=O,C1613
OC(c1ccc(COc2cccc(Cl)c2)cc1)=O,C1614
OC(CN1N=CC(CCCC2)=C2C1=O)=O,C1615
Cc(nc1c(F)cccc1c1)c1C(O)=O,C1616
OC(c1cn(C2COCC2)nn1)=O,C1617
CC(C)c1ccc(C2(CCC2)C(O)=O)cc1,C1618
OC(c1ncnc2c1cc[nH]2)=O,C1619
OC(C(C1)CN(Cc2cnccc2)C1=O)=O,C1620
OC(c(cc1)ncc1Br)=O,C1621
CCS(N(C1)CC1C(O)=O)(=O)=O,C1622
COc(cccc1)c1-n1c(ccc(C(O)=O)c2)c2nc1,C1623
CCCC(N(CCCC1)C1C(O)=O)=O,C1624
CC(C)(C(O)=O)c(cccc1)c1F,C1625
Cc1cccc(C(NCC(O)=O)=O)c1,C1626
COCc1ccc(C(O)=O)o1,C1627
OC(C(O)=O)c1cc(Cl)cc(Cl)c1,C1628
COc(cc1)cc2c1[nH]c(C(O)=O)c2,C1629
OC(C(C1CCCC1)c1ccncc1)=O,C1630
OC(c(cc1)cc2c1occ2)=O,C1631
OC(C(CC1=O)CN1c1nccs1)=O,C1632
Cn1ncc([N+]([O-])=O)c1C(O)=O,C1633
CS(N(CCCC1)C1C(O)=O)(=O)=O,C1634
COc(cc(cc1)C(O)=O)c1OCc1ccncc1,C1635
CCC(CC)=CC(O)=O,C1636
CCN(CC1)CCN1c(cc1)ccc1C(O)=O,C1637
CC(C)c(cc1)cc(C(O)=O)c1O,C1638
OC(CC1(Cn2nnnc2)CCCCC1)=O,C1639
OC([C@@H](C1)[C@H]1c1cc(O)ccc1)=O,C1640
OC(c1nccc2c1cc[nH]2)=O,C1641
OC(CCC(N(C1)c(cccc2)c2NC1=O)=O)=O,C1642
CC(C)(C(O)=O)c1cc2ccccc2cc1,C1643
CC(C)(CC1)Cc2c1sc(C(O)=O)c2,C1644
OC(C(CCC1)N1C=O)=O,C1645
OC(c(ccc(F)c1)c1Cl)=O,C1646
COc1cc(CC(O)=O)cc(OC)c1O,C1647
OC(c(cc1)cc(C2)c1NC2=O)=O,C1648
C[C@H](C1)C[C@@H]1C(O)=O,C1649
Cn1c(SCC(O)=O)nnc1,C1650
COc1cc(OC)c(Cn2ncc3cc(C(O)=O)cnc23)cc1,C1651
OC(CCN(CC1)CCN1c1ccccc1)=O,C1652
OC(c1cc(C2CC2)ncc1)=O,C1653
OC(CSCc1cccs1)=O,C1654
OC(c(cccc1)c1-n1nnnc1)=O,C1655
CN([C@@H]([C@H](C1)C(O)=O)c2ccc(C(F)(F)F)cc2)C1=O,C1656
OC(CNC(c1ccccc1)=O)=O,C1657
COc1cccc(Cl)c1C(O)=O,C1658
O[C@H](CC(O)=O)c1ccccc1,C1659
OC(CCN(C=Nc1c2c(CCCC3)c3s1)C2=O)=O,C1660
OC(/C=C/c1c2OCOCc2cc(F)c1)=O,C1661
CC(C)C[C@@H](C1)[C@H]1C(O)=O,C1662
CC(C)c(nc(C)nc1)c1C(O)=O,C1663
Cc(cc1)cc(OC)c1OCC(O)=O,C1664
OC(c1c(CN2CCOCC2)cco1)=O,C1665
CCS(c1cc(CC(O)=O)ccc1)(=O)=O,C1666
OC(C(CCC1=O)n2c1ccc2)=O,C1667
OC(c(cc1)cc(N=CN2)c1C2=O)=O,C1668
OC(c1ccc(-c2ccco2)s1)=O,C1669
OC(Cc(cccc1)c1Cl)=O,C1670
CC(N1CCN(CCC(O)=O)CC1)=O,C1671
OC(c(cc1)cc(F)c1Oc(cc1)ccc1Br)=O,C1672
OC(C1CCCCC1)=O,C1673
OC(C1(CC2)Sc(ccc(Cl)c3)c3N1C2=O)=O,C1674
Cc(c1cc(C(O)=O)cnc11)nn1-c1ccc(C)cc1,C1675
CCc1ccc(CC(O)=O)cc1,C1676
OC(CC1SC(N2CCCC2)=NC1=O)=O,C1677
[O-][N+](c(cc1)cc(Br)c1C(O)=O)=O,C1678
OC(C(C1)(CC1=O)c1cccc(Br)c1)=O,C1679
Cc1c(C(O)=O)sc(-c2nnc[nH]2)n1,C1680
CCc1cc(C(O)=O)c(C)nn1,C1681
OC(C(CC1)CCN1C(c1ccco1)=O)=O,C1682
COc1cc(C(O)=O)cc2c1OCCO2,C1683
Cc1c(C(O)=O)nnn1-c1cccc2ncccc12,C1684
OC(C(c(cc1)ccc1Cl)N1CCOCC1)=O,C1685
COc1c(CCC(O)=O)cccc1,C1686
CCCN(CC1)CCC1C(O)=O,C1687
Cc(ccc(C(O)=O)c1)c1Oc1ccncc1,C1688
Cc1c(C(O)=O)nc(C)[nH]1,C1689
OC(c1ccc(C2CCCCC2)cc1)=O,C1690
OC(C(CCC1)CN1c1nccnc1)=O,C1691
Cc1nc(SCc(cccc2)c2C(O)=O)nc(C)c1,C1692
Cc1c(C(O)=O)oc(CCC2)c1C2=O,C1693
OC(c(cc1C(N2)=O)cnc1N(Cc1ccccc1)C2=O)=O,C1694
Cc1nc(-c(cc2)ccc2Cl)nc(C(O)=O)c1,C1695
CC(C(O)=O)N(C(CC1)=O)C1=O,C1696
OC(C(CC1)CCN1C(CSc1ncnc2ccccc12)=O)=O,C1697
N#Cc(cc1)ccc1OCc1cccc(C(O)=O)c1,C1698
Cn(cc1)c2c1ccc(C(O)=O)c2,C1699
OC(CCc1nnc(C2CC2)o1)=O,C1700
OC(C(c1ccccc1)=O)SCC(O)=O,C1701
CN(C1CCCC1)c1nccc(C(O)=O)c1,C1702
CN(C(C(C(O)=O)=CN1)=O)C1=O,C1703
Cc(nc(cc1)-c2cccc(Br)c2)c1C(O)=O,C1704
CCCC(C(C)C)C(O)=O,C1705
CN(CC(O)=O)c(ccc(C#N)c1)c1F,C1706
CCc1cc(C(O)=O)c(c(C)no2)c2n1,C1707
OC(Cn1nc(C(F)F)cc1C1CC1)=O,C1708
OC(C(CC1)c2c1cccc2)=O,C1709
COc(ccc(C(O)=O)c1)c1-c1ccccc1,C1710
OC(c1ccnn1C1CCOCC1)=O,C1711
OC(C(CCC1)CN1C(Cc(cc1)ccc1Br)=O)=O,C1712
OC(c([nH]nc1)c1Cl)=O,C1713
Cc1nc2ccccc2c(COc(cc2)ccc2C(O)=O)c1,C1714
OC(C(CC1)CCS1(=O)=O)=O,C1715
OC(Cc(cc1)ccc1Br)=O,C1716
OC(c1cc(scc2)c2[nH]1)=O,C1717
OC(C(CC1)CCN1C(COc1ccccc1)=O)=O,C1718
COc1cc(C(O)=O)cc(Cl)c1OC,C1719
C[C@@H](C(O)=O)N(C(c1c2cncc1)=O)C2=O,C1720
Cc1c(CN2CCN(C)CC2)c(C(O)=O)no1,C1721
COc1ccc(cc(cc2)C(O)=O)c2c1,C1722
OC([C@H](CCCC1)[C@H]1c1ccccc1)=O,C1723
OC(c(cc(cc1)-n2nnnc2)c1O)=O,C1724
OC(CCC(N1)=Nc(sc2c3CCC2)c3C1=O)=O,C1725
OC(c(cc1)cnc1Oc(cc1)ccc1Br)=O,C1726
OC(C1CN(Cc2ccccc2)CC1)=O,C1727
COc1cc2nc(C(O)=O)cn2cc1,C1728
CN(C)S(c1cc(C(O)=O)ccc1)(=O)=O,C1729
OC(c(cc1C(N2)=O)cnc1N(C1CC1)C2=O)=O,C1730
CCS(N(CCC1)C1C(O)=O)(=O)=O,C1731
OC(c1cccnc1Oc(cccc1)c1Br)=O,C1732
Cc(cc1)ccc1N([C@@H]([C@H](CC1)C(O)=O)c2cccs2)C1=O,C1733
OC(c(cc(cc1)F)c1-c1ccccc1)=O,C1734
CN(C)C(CC(O)=O)=O,C1735
OC(c(cc1)cc2c1nco2)=O,C1736
CS(N(C1)CC1C(O)=O)(=O)=O,C1737
OC(c(cc1)ccc1OCc1ccncc1)=O,C1738
OC(C1SCCCC1)=O,C1739
Cc1noc(C(O)=O)n1,C1740
CCC(N(CCCC1)C1C(O)=O)=O,C1741
CN(c1ccccc1)c(cccc1)c1C(O)=O,C1742
OC(CCC(c1cc(CCCC2)c2cc1)=O)=O,C1743
CN(CC(O)=O)c(cc1)ncc1C#N,C1744
OC(C(CC1)CCN1S(Cc1ccccc1)(=O)=O)=O,C1745
COc(ccc(C(c(cccc1)c1C(O)=O)=O)c1)c1F,C1746
OC(CC(c1cccs1)n1cccc1)=O,C1747
N#Cc1c(COc2cccc(C(O)=O)c2)cccc1,C1748
Cc1c(C2(CCC2)C(O)=O)cccc1,C1749
Cc1c(C(O)=O)sc(-c2cccs2)n1,C1750
CN([C@@H]([C@H](C1)C(O)=O)c2cccc(F)c2)C1=O,C1751
CC(C)c(cc1)ccc1Oc(cc1)ncc1C(O)=O,C1752
Cc(ccc(CC(O)=O)c1)c1OC,C1753
Cn1c(C(N)=O)cc(S(N(CC2)CCC2C(O)=O)(=O)=O)c1,C1754
OC(c1c(cc(cc2)F)c2nc(O)c1)=O,C1755
CCCC(N(CCC1)C1C(O)=O)=O,C1756
Cc1cccc(-c2nnc(-c(cc3)ccc3C(O)=O)o2)c1,C1757
OC(C(CCN1c(cccc2)c2Br)C1=O)=O,C1758
Cc(cc1)nn1-c1c(C(O)=O)c2ccccc2nc1C,C1759
OC(CCC1CCC1)=O,C1760
CC(C)(C(c(cc1)ccc1OCc1ccccc1)O)C(O)=O,C1761
COc(cc(cc1)SC)c1C(O)=O,C1762
OC(c1cc(S(N2CCCC2)(=O)=O)c[nH]1)=O,C1763
OC(C1OCCN(CC(N2)=Nc(cccc3)c3C2=O)C1)=O,C1764
OC(/C=C/c(c(Cl)ccc1)c1Cl)=O,C1765
CC(C)c1ccc(C2(CCCC2)C(O)=O)cc1,C1766
OC(c1nc([nH]cc2)c2cc1)=O,C1767
NC(N(CC1)CCC1C(O)=O)=O,C1768
[O-][N+](c1ccc(C(O)=O)[nH]1)=O,C1769
CN(C)Cc(cc1)ncc1C(O)=O,C1770
Cc(c(OCC(O)=O)ccc1)c1Cl,C1771
OC(c1csc(S(N2CCOCC2)(=O)=O)c1)=O,C1772
COc(cc1)ccc1C(c(cccc1)c1C(O)=O)=O,C1773
OC(CCCc1nc(C2CC2)no1)=O,C1774
OC(CCN(C=CC(N1)=O)C1=O)=O,C1775
OC(c1cc2ccccc2c(Cl)n1)=O,C1776
CC(C)(CC1C(O)=O)Oc2c1cccc2,C1777
OC(c1cc(cc(cc2)Br)c2[nH]1)=O,C1778
OC(CCCN(C(CC1)=O)C1=O)=O,C1779
OC(c(cccc1)c1SC(CC1)CS1(=O)=O)=O,C1780
OC(c1cc(O)c(cco2)c2c1)=O,C1781
Cc1cc(C(F)(F)F)nc(N(CCC2)CC2C(O)=O)n1,C1782
OC(c1cc(Cl)nnc1)=O,C1783
CN(c1nc(C2CC2)cc(C(O)=O)c11)NC1=O,C1784
OC(CCC(F)(F)F)=O,C1785
CCS(N(Cc1c(C2)cccc1)C2C(O)=O)(=O)=O,C1786
Cc(cc1)cc(C(O)=O)c1-n1cncc1,C1787
OC(C(CC1)CN1C(OCc1ccccc1)=O)=O,C1788
OC(c1cccc(OCc(cc2)ccc2Cl)c1)=O,C1789
Cn1nnnc1SCCC(O)=O,C1790
OC(C(CC1)c(cccc2)c2C1=O)=O,C1791
COc(cc1)ccc1-c(cc1)cc(F)c1C(O)=O,C1792
OC(CC1(CCSCC1)n1nnnc1)=O,C1793
OC(CN(CCC1)C1=O)=O,C1794
[O-][N+](c(c(Cl)ncc1)c1C(O)=O)=O,C1795
OC(C1(CCC1)c(cc1)ccc1Cl)=O,C1796
OC(c1ccc(Cn2c(cccc3)c3nc2)cc1)=O,C1797
CC(N1CCC(O)=O)=C(C)SC1=O,C1798
CCc1c(C(O)=O)[nH]cn1,C1799
Cc(cc1)cc(C)c1OCc(cc1)ccc1C(O)=O,C1800
CN(C(CC1)C(O)=O)C1=O,C1801
OC(c(cc1)ncc1F)=O,C1802
OC(C(CC1)CN1c1ccccc1)=O,C1803
Cc(cc1OC)cc(C(O)=O)c1O,C1804
Cc(cc1)ccc1S(NCC(O)=O)(=O)=O,C1805
OC(CN(C(CC1)=O)C1=O)=O,C1806
CC(c(cccc1)c1C(O)=O)=O,C1807
CC(CC1)=CCC1C(O)=O,C1808
CC(C)c1nccn1CCC(O)=O,C1809
OC(C(C1)Oc(cc2)c1cc2F)=O,C1810
CC(C)c(cc1)cc(O)c1C(O)=O,C1811
Cc1c(C(O)=O)[nH]c(CCC2)c1C2=O,C1812
CS(N(CC(O)=O)c1cccc(Cl)c1)(=O)=O,C1813
OC(c1cc(-c(cc2)ccc2F)nc2ccccc12)=O,C1814
COc(cc1)ccc1N(CC(C1)C(O)=O)C1=O,C1815
CC(CCC1)(C(O)=O)c2c1cccc2,C1816
OC(c1cc(C(NC(N2)=O)=O)c2nc1)=O,C1817
Cc(ccc(C(O)=O)c1)c1[N+]([O-])=O,C1818
NC(c1cc(C(O)=O)nn1-c1ccccc1)=O,C1819
CC(C)Cc(cc1)ccc1C(CCC(O)=O)=O,C1820
Cc1noc(C)c1S(N(CC1)CCC1C(O)=O)(=O)=O,C1821
OC(c(cc1)ncc1Oc(cc1)ccc1Cl)=O,C1822
OC(c(cccc1)c1S(C(F)F)(=O)=O)=O,C1823
CC(Nc1ccnn11)=C(CC(O)=O)C1=O,C1824
CC(C)(C(O)=O)c(cc1)ccc1OC,C1825
OC(c(cc1)cc(F)c1F)=O,C1826
Cc1c(C(O)=O)sc(N=C(COC)N2)c1C2=O,C1827
OC(c1c(cnn2Cc3cnccc3)c2nc(-c2cnccc2)c1)=O,C1828
COc(cc1)ccc1-n1c(SCC(O)=O)ncc1,C1829
Cc1cc(C)c(C(CCCC(O)=O)=O)c(C)c1,C1830
Cc1cn(c(CC(O)=O)cs2)c2n1,C1831
[O-][N+](c(cc1)cc(F)c1C(O)=O)=O,C1832
OC(CN(C(C=CN1Cc2ccccc2)=O)C1=O)=O,C1833
Cc1cccc(Oc(cccc2)c2C(O)=O)c1,C1834
Cc1ncc(CC(O)=O)cc1,C1835
OC(c1ccnn1C1CCCC1)=O,C1836
CC(C)(C1)CC1C(O)=O,C1837
CSCc1c(C(O)=O)oc2c1cccc2,C1838
OCC1CCN(Cc(cc2)ccc2C(O)=O)CC1,C1839
Cc(cc1)c(C)nc1C(O)=O,C1840
OC(c([nH]1)cc(Br)c1Cl)=O,C1841
OC(C[C@H](C1)C[C@@H]1c1ccccc1)=O,C1842
OC(c1nc(N2CCOCC2)ncc1)=O,C1843
COc(ccc(CC(O)=O)c1)c1O,C1844
CC(N(CCCC1)C1C(O)=O)=O,C1845
OC(c(cc1)cc2c1n(Cc1ccccc1)cn2)=O,C1846
OC(CSCc1ncc[nH]1)=O,C1847
OC(c(cc1)ccc1I)=O,C1848
OC(C(CC1)Cc2c1[nH]nn2)=O,C1849
OC(CCN1CCCC1)=O,C1850
Cc1cccc(Oc(cc2)cnc2C(O)=O)c1,C1851
CCC(C(O)=O)c(cc1)ccc1Cl,C1852
CC(N(C)CC(O)=O)=O,C1853
N#Cc(cccc1)c1Oc(cccc1)c1C(O)=O,C1854
COc(cccc1)c1OCc1ccc(C(O)=O)s1,C1855
Cc1cc(C(CCC(O)=O)=O)c(C)cc1,C1856
CN(CC1)CCN1c1cccc(C(O)=O)n1,C1857
OC(c1cscn1)=O,C1858
CCCC(N(CC1)CCC1C(O)=O)=O,C1859
COc(ccc(CC(O)=O)c1)c1F,C1860
OC(CN1N=C(CCSC2)C2=CC1=O)=O,C1861
OC(/C=C/c(c(F)ccc1)c1F)=O,C1862
OC(CC1OCCc2c1scc2)=O,C1863
Cn1c(ccc(C(O)=O)c2)c2nc1,C1864
CC(N(Cc1c(C2)cccc1)C2C(O)=O)=O,C1865
OC(C(c1c2cccc1)=NNC2=O)=O,C1866
CS(N(CCC1)C1C(O)=O)(=O)=O,C1867
COc1cc2ccccc2cc1C(O)=O,C1868
NC(c1ccc(C(O)=O)s1)=O,C1869
OC(c(cc1)cnc1N1CCCCCC1)=O,C1870
CC(C(O)=O)c(c(Cl)ccc1)c1Cl,C1871
CCC(CC(O)=O)(c1ccccc1)O,C1872
OC(c(cc(cc1)-n2nncc2)c1F)=O,C1873
OC(C1CCN(Cc2ccco2)CC1)=O,C1874
Cc(cc1)c(C(O)=O)nc1Br,C1875
Cc1c(C(O)=O)sc(N=CN2C)c1C2=O,C1876
COc1cc(/C=C/C(O)=O)cc(Cl)c1OC,C1877
OC(C1CN(Cc(cc2)ccc2F)CCC1)=O,C1878
CN(CC(O)=O)c(cc1)nnc1Cl,C1879
COc1c(CC(O)=O)cccc1,C1880
CC(CC1)=C(C)CC1C(O)=O,C1881
OC(c1cccc(OCc(cc2)ccc2F)c1)=O,C1882
OC(C(CC1)CCN1c(cc1)nn2c1nnc2C(F)(F)F)=O,C1883
Cc(c(c1nc(C2CC2)c2)c2C(O)=O)nn1-c1ncccc1,C1884
CCC(C(O)=O)N(CCC1)C1=O,C1885
Cc(c(OC)ccc1)c1C(O)=O,C1886
Cc(cc1)ccc1N1N=C(C(O)=O)NCC1=O,C1887
[O-][N+](c1cc(CC(O)=O)ccc1)=O,C1888
CN(CC1)CCC1=CC(O)=O,C1889
Cc1ccc([C@@H](C2)[C@H]2C(O)=O)s1,C1890
CN(Cc1ccccc1)C(c(cccc1)c1C(O)=O)=O,C1891
COc1cc(C(CC2)C(O)=O)c2cc1,C1892
OC(CCN1CCCCC1)=O,C1893
OC(c1cc(F)ncc1)=O,C1894
CC(N=C(N1)N2CCCC2)=C(CC(O)=O)C1=O,C1895
Cc1noc(CSc(cccc2)c2C(O)=O)n1,C1896
CC(C)(C)c1ccc(CC(O)=O)cc1,C1897
OC(CC1OCCc2c1cccc2)=O,C1898
OC(c(cc1)ccc1-n1nccc1-c(cc1)ccc1F)=O,C1899
COc1cc(OCC(C2)C(O)=O)c2cc1,C1900
OC(c(ncc(F)c1)c1F)=O,C1901
OC(c1c(C(F)(F)F)nc2n1CCCC2)=O,C1902
OC(C(C1)CN(CCc(cc2)ccc2F)C1=O)=O,C1903
CN(C)Cc(cc1)ccc1-c(cccc1)c1C(O)=O,C1904
Nc1ncc(CC(O)=O)s1,C1905
CC(C)c(c(OC)cc(C(O)=O)c1)c1OC,C1906
OC(c(n(C1CCCC1)nc1)c1Cl)=O,C1907
OC(CC1=CCCCC1)=O,C1908
OC(c(cc1)cnc1Oc(cc1)ccc1F)=O,C1909
OC(C(CC1)CN1c1ccncc1)=O,C1910
CC(C)(C(O)=O)c(cc1)cc(Cl)c1Cl,C1911
OC(c(cccc1)c1S(N1CCOCC1)(=O)=O)=O,C1912
OC(CSc1nc(cccc2)c2[nH]1)=O,C1913
Cc(cc1)cc(/C=C/C(O)=O)c1OC,C1914
CS(c1c(C(O)=O)scc1)(=O)=O,C1915
Cc1nc(CN(CCC2)C2C(O)=O)no1,C1916
OC([C@@H](C1)[C@H]1c(ccc(Cl)c1)c1Cl)=O,C1917
OCc(cc1)ccc1OCCC(O)=O,C1918
Cc(n(C)nc1C)c1-c1ccnc2cc(C(O)=O)nn12,C1919
CC(C)(C)c1nc(O)c(C(O)=O)c(C)n1,C1920
OC(C1(CCOCC1)c(cc1)ccc1F)=O,C1921
C#CCN(C(c(cc1)c2cc1C(O)=O)=O)S2(=O)=O,C1922
CS(c1csc(C(O)=O)c1)(=O)=O,C1923
OC(CC1(Cc2nc(cccc3)c3s2)CCCCC1)=O,C1924
CCc(cc1)ccc1OCc(cc1)ccc1C(O)=O,C1925
COc1cccc(C2)c1OCC2C(O)=O,C1926
OC(Cn1nnnc1-c1cscc1)=O,C1927
CCC(C(O)=O)c(cc1)ccc1F,C1928
CC(N(CC#C)c1cccc(C(O)=O)c1)=O,C1929
Cc1nn(C)cc1S(N(CC1)CCC1C(O)=O)(=O)=O,C1930
CCOc(cc(/C=C/C(O)=O)cc1)c1OC,C1931
OC(C(C1)CN(Cc2ccccc2)C1=O)=O,C1932
OC(c(ccc(-n1nnnc1)c1)c1Cl)=O,C1933
Cc1c(C2(CCCC2)C(O)=O)cccc1,C1934
N#Cc1cccc(/C=C/C(O)=O)c1,C1935
COCCOc(ccc(C(O)=O)c1)c1OC,C1936
CC(N(CSC1)C1C(O)=O)=O,C1937
OC(/C=C/c1cn(-c2ccccc2)nc1-c(cc1)ccc1F)=O,C1938
OC([C@H](CC1)CC[C@@H]1c1ccccc1)=O,C1939
OC(CCN(c(cccc1)c1C(N1)=O)C1=O)=O,C1940
OC(c(cc1)ccc1Oc(cc1)ccc1F)=O,C1941
Cc1c(C(O)=O)sc(C2=C(C)C(C)=NN(C)C2=O)n1,C1942
COc(cc1)c(CC(O)=O)cc1Cl,C1943
OC(CC1CCC1)=O,C1944
OC(c1cnc2n(Cc3cnccc3)ncc2c1)=O,C1945
O[C@@H](C[C@@H]1C(O)=O)CN1C(CCc(cc1)cc(F)c1F)=O,C1946
Cc1nc(C(O)=O)no1,C1947
COc1cc(C(O)=O)cc(Br)c1O,C1948
CC(N1)=C(C)N=C(C(O)=O)C1=O,C1949
CC(C1CCC1)C(O)=O,C1950
OC(c1cc(cc(cc2)F)c2[nH]1)=O,C1951
OC(C(C1)CN(Cc2cccc(C(F)(F)F)c2)C1=O)=O,C1952
OC(c(cccc1)c1OCc(cccc1)c1Cl)=O,C1953
Cc(oc(C(O)=O)c1)c1S(N1CCCC1)(=O)=O,C1954
Cc1ccc(CC(O)=O)cc1,C1955
CC(Nc1cc(C(O)=O)cc(NC(C)=O)c1)=O,C1956
CC(N(CC1)Cc2c1sc(C(O)=O)c2)=O,C1957
OC(C1(CCCC1)c(cc1)ccc1Cl)=O,C1958
CSc1ncccc1C(O)=O,C1959
CN(C)c(ccc(C(O)=O)c1)c1F,C1960
OC(c1noc2c1CCCCC2)=O,C1961
CCC(C)CC(O)=O,C1962
OC(CC1Oc(cccc2)c2NC1=O)=O,C1963
Cc1ccnc(C(O)=O)n1,C1964
CC(C)CC(N(Cc1c(C2)cccc1)C2C(O)=O)=O,C1965
COc(cc(cc1)Br)c1C(O)=O,C1966
Cn(cnc1c2)c1ncc2C(O)=O,C1967
OC(CCC(c(s1)ccc1Cl)=O)=O,C1968
[O-][N+](c(cc1)cc(CC(O)=O)c1F)=O,C1969
Cc(cc1)ccc1N(CC(C1)C(O)=O)C1=O,C1970
OC(C(N=C(C1CC1)N1)=CC1=O)=O,C1971
COc1cc(C(O)=O)cc(OC)c1,C1972
OC(CSc1nnc2n1cccc2)=O,C1973
OC(Cc(cc1)cc(F)c1F)=O,C1974
CCC1(Cn2nnc(C(O)=O)c2)COC1,C1975
OC(C(Cc1c(C2)cccc1)N2C(c1ccco1)=O)=O,C1976
COc1cccc(C(O)=O)c1OC,C1977
CC(N(CCC1)[C@@H]1C(O)=O)=O,C1978
OC(c1cccc(Oc(cc2)ccc2Cl)c1)=O,C1979
NC(c1cc(C(O)=O)co1)=O,C1980
CC(N(C1)CC1C(O)=O)=O,C1981
CCS(c(cc1)ccc1C(O)=O)(=O)=O,C1982
N#CCCN(C(CCC(O)=O)=O)c1ccccc1,C1983
OC(C(C1)c(cccc2)c2C1=O)=O,C1984
Cc1cc(C(O)=O)c(cnn2C)c2n1,C1985
OC(c(cc1)cc(S(N2C3CC3)(=O)=O)c1C2=O)=O,C1986
OC(c1cc(CCCC2)c2[nH]1)=O,C1987
OC(c(cc1)ccc1Oc1ccncc1)=O,C1988
Cc1c(C(O)=O)sc(N=C2N3CCC2)c1C3=O,C1989
COc(cc1)c(/C=C/C(O)=O)cc1Cl,C1990
Cc1cccc(N2CCN(CCC(O)=O)CC2)c1,C1991
OC(c1cnc2ncc(Br)cc2c1)=O,C1992
Cc(c(C)c1)cc2c1occ2CC(O)=O,C1993
OC(C(CC1)Cn2c1nnc2)=O,C1994
CCN(Cc1cccc(C(O)=O)c11)C1=O,C1995
CSCc1noc(CCC(O)=O)n1,C1996
CCOc(cc1)c(C)cc1C(O)=O,C1997
OC(CC(CC1)c2c1cccc2)=O,C1998
CS(c1c(C(O)=O)nccc1)(=O)=O,C1999
CC(CC1)CCN1c(ccc(C(O)=O)c1)c1[N+]([O-])=O,C2000
CC(C)(C)OC(=O)N[C@@H]1C[C@H]1C(O)=O,B1
C[C@H](CC(O)=O)NC(=O)OC(C)(C)C,B2
CC(C)(C)OC(=O)N[C@H](CO)CC(O)=O,B3
CC(C)(C)OC(=O)N[C@@H](CC#C)CC(O)=O,B4
CC(C)(C)OC(=O)N[C@@H](CC(N)=O)CC(O)=O,B5
CC(C)C[C@H](CC(O)=O)NC(=O)OC(C)(C)C,B6
CC[C@H](C)[C@@H](CC(O)=O)NC(=O)OC(C)(C)C,B7
CC(C)(C)OC(=O)NC1(CC(O)=O)CCCCC1,B8
CC(C)(C)OC(=O)NC1(CC(O)=O)CCOCC1,B9
CC(C)(C)OC(=O)N[C@@H](CCC(N)=O)CC(O)=O,B10
CC(C)(C)OC(=O)N[C@H](C\C=C\c1ccccc1)CC(O)=O,B11
CC(C)C[C@@H](N(C)C(=O)OC(C)(C)C)C(O)=O,B12
CCC[C@@H](NC(=O)OC(C)(C)C)C(O)=O,B13
CC(C)(C)OC(=O)N[C@H](CC#C)C(O)=O,B14
CC(C)(C)OC(=O)N[C@@](C)(CO)C(O)=O,B15
CC(C)(C)C[C@H](NC(=O)OC(C)(C)C)C(O)=O,B16
CC(=O)N[C@@H](CCNC(=O)OC(C)(C)C)C(O)=O,B17
CCCC(CCC)(NC(=O)OC(C)(C)C)C(O)=O,B18
CC(C)(C)OC(=O)NC1(CC2(CCC2)C1)C(O)=O,B19
CN(C)CCCC[C@H](NC(=O)OC(C)(C)C)C(O)=O,B20
CC(C)(C)OC(=O)N[C@H](CCCNC(N)=O)C(O)=O,B21
CC(C)(C)OC(=O)N[C@H](CC1CCCCC1)C(O)=O,B22
CC(=O)NCCCC[C@H](NC(=O)OC(C)(C)C)C(O)=O,B23
CC(C)(C)OC(=O)N[C@@H](CCCCNC(N)=O)C(O)=O,B24
CC(C)(C)OC(=O)NC(C)(C)CCC(O)=O,B25
CC(C)(C)OC(=O)NCCCCC(O)=O,B26
CC(C)(C)OC(=O)NC[C@H](O)CC(O)=O,B27
CC(C)(C)OC(=O)NCC(C)(C)CC(O)=O,B28
CC(C)(C)OC(=O)NCC1(CC(O)=O)COC1,B29
CC(C)(C)OC(=O)N[C@@H]([C@H](O)c1cccnc1)C(O)=O,B30
CC(C)(C)OC(=O)N[C@@H]([C@H](O)c1ccccc1)C(O)=O,B31
CC(C)(C)OC(=O)N[C@@H]([C@H](O)c1ccc(Cl)cc1)C(O)=O,B32
CC(C)(C)OC(=O)N[C@@H]1CC[C@H]1C(O)=O,B33
CC(C)(C)OC(=O)N[C@H]1COC[C@H]1C(O)=O,B34
CC(C)(C)OC(=O)N[C@H]1[C@@H]2C[C@@H](C=C2)[C@H]1C(O)=O,B35
CC(C)(C)OC(=O)N[C@H]1[C@@H]2CC[C@@H](C2)[C@@H]1C(O)=O,B36
CC(C)(C)OC(=O)N[C@H]1[C@H]2O[C@H](C=C2)[C@H]1C(O)=O,B37
CC(C)(C)OC(=O)N1CSC[C@H]1C(O)=O,B38
CC(C)(C)OC(=O)N1CCSC[C@H]1C(O)=O,B39
CC(C)(C)OC(=O)N1CC(=O)NC[C@H]1C(O)=O,B40
CC(C)(C)OC(=O)N1CCCC[C@@H]1CC(O)=O,B41
CC(C)(C)OC(=O)N[C@@H]1CC[C@@H](C1)C(O)=O,B42
CC(C)(C)OC(=O)N[C@H]1CCC[C@@H](C1)C(O)=O,B43
CC(C)(C)OC(=O)N[C@@H]1C[C@@H](CC(F)(F)C1)C(O)=O,B44
CC(C)(C)OC(=O)N[C@@H]1C[C@H](CC(O)=O)C1,B45
CC(C)(C)OC(=O)NC[C@@H]1CC[C@@H]1C(O)=O,B46
CC(C)(C)OC(=O)NC[C@H]1C[C@@H](C1)C(O)=O,B47
CC(C)(C)OC(=O)NCC1(CCCCC1)C(O)=O,B48
C[C@H]1[C@H](CCN1C(=O)OC(C)(C)C)C(O)=O,B49
CC(C)(C)OC(=O)N1C[C@H]2C[C@@H]1C2C(O)=O,B50
CC(C)(C)OC(=O)N1CC[C@@]2(C[C@H]12)C(O)=O,B51
CC(C)(C)OC(=O)N1[C@H]2CC[C@@H]1C(C2)C(O)=O,B52
CC(C)(C)OC(=O)N1[C@@H]2CC[C@H]1[C@@H]1C[C@@]1(C2)C(O)=O,B53
CC(C)(C)OC(=O)N1CC[C@@H]([C@H]1c1ccccc1)C(O)=O,B54
C[C@H]1CCN([C@@H]1C(O)=O)C(=O)OC(C)(C)C,B55
CC(C)(C)OC(=O)N1CC[C@H](O)[C@@H]1C(O)=O,B56
CC(C)(C)OC(=O)N1[C@@H]2CC[C@@H](C2)[C@H]1C(O)=O,B57
CC(C)(C)OC(=O)N1CCC[C@@H]2C[C@]12C(O)=O,B58
CC(C)(C)OC(=O)N1C[C@@H](C[C@H]1C(O)=O)C#N,B59
CC(C)(C)OC(=O)N1CCCCC[C@H]1C(O)=O,B60
CC(C)(C)OC(=O)N1CC(C)(C)C[C@@H]1C(O)=O,B61
CC(C)(C)OC(=O)N1CCC(=O)C[C@H]1C(O)=O,B62
CC(C)(C)OC(=O)N1C[C@H](C[C@H]1C(O)=O)N=[N+]=[N-],B63
CC(C)(C)OC(=O)N1CCC[C@@]1(CC#C)C(O)=O,B64
CC(C)(C)OC(=O)N1[C@H]2CCC[C@H]2C[C@H]1C(O)=O,B65
CC(C)(C)OC(=O)N1C[C@@H]2CCC[C@@H]2[C@@H]1C(O)=O,B66
CC(C)(C)OC(=O)N1[C@H](CC[C@H]1c1ccccc1)C(O)=O,B67
CC(C)(C)OC(=O)N1C[C@@H](C[C@H]1C(O)=O)c1ccccc1,B68
CC(C)(C)OC(=O)N1C[C@H](Cc2ccccc2)C[C@H]1C(O)=O,B69
CC(C)(C)OC(=O)N1C[C@H](C[C@H]1C(O)=O)Oc1ccccc1,B70
CC(C)(C)OC(=O)N1C[C@@H](C[C@H]1C(O)=O)OCc1ccccc1,B71
CC(C)(C)OC(=O)N1CC[C@](O)(C1)C(O)=O,B72
CC(C)(C)OC(=O)N1C[C@H]2[C@@H](C1)[C@H]2C(O)=O,B73
CC(C)(C)OC(=O)N1CCC[C@@H](CC(O)=O)C1,B74
CC(C)(C)OC(=O)N1C[C@@H]2C[C@H](C[C@@H]2C1)C(O)=O,B75
CC(C)(C)OC(=O)N1CC[C@@H]2C[C@H]([C@@H]2C1)C(O)=O,B76
CC(C)(C)OC(=O)N1CC2(C[C@@H]2C(O)=O)C1,B77
CC(C)(C)OC(=O)N1C[C@@H]2CC[C@@]2(C1)C(O)=O,B78
CC(C)(C)OC(=O)N1C[C@H]2COC[C@]2(C1)C(O)=O,B79
CC(C)(C)OC(=O)N1C[C@@H]([C@H](C1)c1ccsc1)C(O)=O,B80
CN(C)C[C@@H](NC(=O)OC(C)(C)C)C(O)=O,B81
CC(C)(C)OC(=O)N[C@@H](Cn1cccn1)C(O)=O,B82
CC(C)(C)OC(=O)N[C@@H](CC(O)=O)C(N)=O,B83
CC(C)(C)OC(=O)N[C@H](C1CCCC1)C(O)=O,B84
CC(C)(C)OC(=O)N[C@H](C(O)=O)[C@]12C[C@H]3C[C@H](C[C@H](C3)C1)C2,B85
CN1C[C@H](C[C@@H]1C(O)=O)NC(=O)OC(C)(C)C,B86
CC(C)(C)OC(=O)N1CCC[C@@H](CC1)C(O)=O,B87
CC(C)(C)OC(=O)N1CCC(CC1)(C1CC1)C(O)=O,B88
CC(C)(C)OC(=O)N1CCC(CC1)(C1CCCCC1)C(O)=O,B89
CC(C)(C)OC(=O)N[C@H](C(O)=O)c1cccs1,B90
CC(C)(C)OC(=O)N[C@@H](CC(O)=O)c1ccco1,B91
C[C@H]1OCCN([C@@H]1C(O)=O)C(=O)OC(C)(C)C,B92
C[C@H]1OC(C)(C)N([C@@H]1C(O)=O)C(=O)OC(C)(C)C,B93
CC(C)(C)OC(=O)N1CCO[C@H](CC(O)=O)C1,B94
COC1(CC(O)=O)CN(C1)C(=O)OC(C)(C)C,B95
CC(C)(C)OC(=O)NCc1ccc(o1)C(O)=O,B96
CC(C)(C)OC(=O)NC[C@@H]1C[C@@H](CO1)C(O)=O,B97
CC(C)(C)OC(=O)N[C@@H](Cc1cscn1)C(O)=O,B98
CC(C)(C)OC(=O)N[C@@H](Cc1c[nH]cn1)C(O)=O,B99
Cn1cnc(C[C@@H](NC(=O)OC(C)(C)C)C(O)=O)c1,B100
CC(C)(C)OC(=O)N[C@H](Cc1cn(Cc2ccccc2)cn1)C(O)=O,B101
CC(C)(C)OC(=O)NCc1cccc(c1)C(O)=O,B102
CC(C)(C)OC(=O)NCc1ccc(cc1)C(O)=O,B103
CC(C)(C)OC(=O)NCc1cccc(OCC(O)=O)c1,B104
CC(C)(C)OC(=O)NCc1ccccc1C(O)=O,B105
CC(C)C[C@H](NC(=O)OC(C)(C)C)[C@H](O)C(O)=O,B106
CC(C)(C)OC(=O)N[C@@H](CC1CCCCC1)[C@@H](O)CC(O)=O,B107
CC(C)(C)OC(=O)N1Cc2ccc(cc2C1)C(O)=O,B108
CC(C)(C)OC(=O)N[C@](C)(C(O)=O)c1cccnc1,B109
COc1ccccc1[C@@H](NC(=O)OC(C)(C)C)C(O)=O,B110
CC(C)(C)OC(=O)N[C@@H](Cc1ccncc1)C(O)=O,B111
CC(C)(C)OC(=O)N[C@H](Cc1ccccn1)C(O)=O,B112
CC(C)(C)OC(=O)N[C@](C)(Cc1ccccc1)C(O)=O,B113
Cc1cccc(C[C@@H](NC(=O)OC(C)(C)C)C(O)=O)c1,B114
Cc1ccccc1C[C@@H](NC(=O)OC(C)(C)C)C(O)=O,B115
CC(C)(C)OC(=O)N[C@@H](Cc1cccc(Cl)c1)C(O)=O,B116
CC(C)(C)OC(=O)N[C@H](Cc1ccc(F)cc1)C(O)=O,B117
CC(C)(C)OC(=O)N[C@H](Cc1ccccc1F)C(O)=O,B118
CC(C)(C)OC(=O)N[C@@H](Cc1cccc(O)c1)C(O)=O,B119
CC(C)(C)OC(=O)N[C@@H](Cc1ccc(F)c(F)c1)C(O)=O,B120
CC(C)(C)OC(=O)N[C@H](Cc1cc(F)cc(F)c1)C(O)=O,B121
CC(C)(C)OC(=O)N[C@](C)(Cc1ccc(F)cc1)C(O)=O,B122
COc1ccc(C[C@@H](NC(=O)OC(C)(C)C)C(O)=O)cc1,B123
CC(C)(C)OC(=O)N[C@@H](Cc1ccccc1C(N)=O)C(O)=O,B124
CC(C)(C)OC(=O)N[C@H](Cc1cccc(c1)C(N)=O)C(O)=O,B125
CC(C)(C)OC(=O)N[C@H](Cc1ccc(cc1)C(N)=O)C(O)=O,B126
CC(C)(C)OC(=O)N[C@H](Cc1ccc2ccccc2n1)C(O)=O,B127
CC(=O)Nc1ccc(C[C@H](NC(=O)OC(C)(C)C)C(O)=O)cc1,B128
COc1ccc(C[C@@H](NC(=O)OC(C)(C)C)C(O)=O)cc1OC,B129
CC(C)(C)OC(=O)N[C@@H](CC(O)=O)c1cccnc1,B130
CC(C)(C)OC(=O)N[C@H](CC(O)=O)c1ccccc1,B131
Cc1ccccc1[C@H](CC(O)=O)NC(=O)OC(C)(C)C,B132
CC(C)(C)OC(=O)N[C@@H](CC(O)=O)c1cccc(Cl)c1,B133
CC(C)(C)OC(=O)N[C@@H](CC(O)=O)c1ccccc1Cl,B134
CC(C)(C)OC(=O)N[C@H](CC(O)=O)c1cccc(F)c1,B135
CC(C)(C)OC(=O)N[C@H](CC(O)=O)c1ccccc1F,B136
CC(C)(C)OC(=O)N[C@@H](CC(O)=O)c1ccc(Br)cc1,B137
CC(C)(C)OC(=O)N[C@@H](CC(O)=O)c1cccc(O)c1,B138
COc1ccc(cn1)[C@H](CC(O)=O)NC(=O)OC(C)(C)C,B139
COc1cccc(c1)[C@@H](CC(O)=O)NC(=O)OC(C)(C)C,B140
COc1ccccc1[C@H](CC(O)=O)NC(=O)OC(C)(C)C,B141
COc1ccc(cc1OC)[C@H](CC(O)=O)NC(=O)OC(C)(C)C,B142
CC(C)(C)OC(=O)N[C@H](CC(O)=O)c1ccc(cc1)-c1ccccc1,B143
CC(C)(C)OC(=O)NCCc1cccc(c1)C(O)=O,B144
CC(C)(C)OC(=O)NCCc1ccc(cc1)C(O)=O,B145
CC(C)(C)OC(=O)NCc1cccc(CC(O)=O)c1,B146
CC(C)(C)OC(=O)NCc1ccc(CC(O)=O)cc1,B147
CC(C)(C)OC(=O)NCc1ccccc1CC(O)=O,B148
CC(C)(C)OC(=O)N[C@@H](CC(O)=O)Cc1ccco1,B149
CC(C)(C)OC(=O)N[C@H]([C@@H](O)c1ccco1)C(O)=O,B150
CC(C)(C)OC(=O)N[C@H]([C@@H](O)c1cccs1)C(O)=O,B151
CC(C)(C)OC(=O)N[C@@H](CC(O)=O)Cc1cccnc1,B152
CC(C)(C)OC(=O)N[C@@H](CC(O)=O)Cc1ccccc1,B153
Cc1cccc(C[C@H](CC(O)=O)NC(=O)OC(C)(C)C)c1,B154
Cc1ccccc1C[C@H](CC(O)=O)NC(=O)OC(C)(C)C,B155
CC(C)(C)OC(=O)N[C@H](CC(O)=O)Cc1cccc(F)c1,B156
CC(C)(C)OC(=O)N[C@@H](CC(O)=O)Cc1ccc(F)cc1,B157
CC(C)(C)OC(=O)N[C@@H](CC(O)=O)Cc1ccc(Br)cc1,B158
CC(C)(C)OC(=O)N[C@H](CC(O)=O)Cc1cc(F)c(F)cc1F,B159
CC(C)(C)OC(=O)N[C@@H](CC(O)=O)Cc1ccccc1C(F)(F)F,B160
CC(C)(C)OC(=O)NC[C@@H](Cc1ccccc1)C(O)=O,B161
CC(C)(C)OC(=O)NCC(Cc1ccc(F)cc1)C(O)=O,B162
CC(C)(C)OC(=O)N1Cc2ccccc2C[C@@H]1C(O)=O,B163
CC(C)(C)OC(=O)N1Cc2nccnc2C[C@H]1C(O)=O,B164
CC(C)(C)OC(=O)N[C@@H]([C@@H](O)C(O)=O)c1ccc(cc1)C(F)(F)F,B165
CC(C)(C)OC(=O)N1C[C@@H]([C@H]1C(O)=O)c1ccccc1,B166
CC(C)(C)OC(=O)N1CCC[C@@]1(Cc1ccccc1)C(O)=O,B167
CC(C)(C)OC(=O)N1CCC[C@]1(Cc1ccccc1)C(O)=O,B168
CC(C)(C)OC(=O)N1CCC[C@]1(Cc1ccc(F)cc1)C(O)=O,B169
CC(C)(C)OC(=O)N1CCc2ccc(cc2C1)C(O)=O,B170
CC(C)(C)OC(=O)N1CCc2c(C1)cccc2C(O)=O,B171
CC(C)(C)OC(=O)N1CCc2cc(ccc2C1)C(O)=O,B172
CC(C)(C)OC(=O)N1CCc2ccc(cc2CC1)C(O)=O,B173
CC(C)(C)OC(=O)N1CC(Cn2nccc2C1)C(O)=O,B174
CC(C)(C)OC(=O)N1C[C@@H]([C@H](C1)c1cccnc1)C(O)=O,B175
CC(C)(C)OC(=O)N1C[C@H]([C@@H](C1)c1ccccc1)C(O)=O,B176
Cc1cccc(c1)[C@H]1CN(C[C@@H]1C(O)=O)C(=O)OC(C)(C)C,B177
CC(C)(C)OC(=O)N1CC[C@H]([C@H](C1)C(O)=O)c1ccccc1,B178
CC(C)(C)OC(=O)N1C[C@@H]([C@H](C1)c1cccc(Cl)c1)C(O)=O,B179
CC(C)(C)OC(=O)N1C[C@H]([C@@H](C1)c1ccccc1Cl)C(O)=O,B180
CC(C)(C)OC(=O)N1C[C@@H]([C@H](C1)c1cccc(F)c1)C(O)=O,B181
CC(C)(C)OC(=O)N1C[C@H]([C@@H](C1)c1ccc(Br)cc1)C(O)=O,B182
CC(C)(C)OC(=O)N1C[C@@H]([C@H](C1)c1ccc(O)cc1)C(O)=O,B183
CC(C)(C)OC(=O)N1C[C@@H]([C@H](C1)c1cccc(c1)C#N)C(O)=O,B184
COc1ccc(cn1)[C@H]1CN(C[C@@H]1C(O)=O)C(=O)OC(C)(C)C,B185
CC(C)(C)OC(=O)N1C[C@@H]([C@H](C1)c1cc(Cl)ccc1Cl)C(O)=O,B186
CC(C)(C)OC(=O)N1CCC(Cc2cccc(Br)c2)(C1)C(O)=O,B187
COc1cccc(c1)[C@H]1CN(C[C@@H]1C(O)=O)C(=O)OC(C)(C)C,B188
COc1ccc(cc1)[C@@H]1CN(C[C@H]1C(O)=O)C(=O)OC(C)(C)C,B189
COc1ccc(cc1OC)[C@H]1CN(C[C@@H]1C(O)=O)C(=O)OC(C)(C)C,B190
CC(C)(C)OC(=O)N1Cc2ccccc2C[C@H]1CC(O)=O,B191
CC(C)(C)OC(=O)N1CCC[C@]1(Cc1ccsc1)C(O)=O,B192
CC(C)(C)OC(=O)N1CCC[C@@]1(Cc1ccco1)C(O)=O,B193
CC(C)(C)OC(=O)N1CCOc2ccc(cc2C1)C(O)=O,B194
CC(C)(C)OC(=O)N[C@@H](Cc1csc2ccccc12)C(O)=O,B195
CC(C)(C)OC(=O)N[C@H](CC(O)=O)Cc1c[nH]c2ccccc12,B196
CC(C)(C)OC(=O)N[C@@]1(CC[C@@H](CC1)c1ccccc1)C(O)=O,B197
CC(C)(C)OC(=O)N1Cc2[nH]c3ccccc3c2C[C@H]1C(O)=O,B198
CC(C)(C)OC(=O)NC[C@H](NS(=O)(=O)c1ccccc1)C(O)=O,B199
CC(C)(C)OC(=O)N1CCC(CC1)(C(O)=O)c1cccc2ccccc12,B200
CNC(=O)/C=C/c1ccc(C)cc1,C1dna
CNC(=O)CCc1ccccc1,C2dna
CNC(=O)c1cc(S(C)(=O)=O)cn1C,C3dna
CCOc1cc([N+](=O)[O-])c(C(=O)NC)cc1OC,C4dna
CNC(=O)C(C)(C)F,C5dna
CNC(=O)CS(=O)(=O)CC1CCCO1,C6dna
CNC(=O)CN1Cc2ccccc2C1,C7dna
CNC(=O)c1cnc(Nc2ccc(Cl)cc2)c(Cl)c1,C8dna
CNC(=O)CSCC(=O)N(C)C1CCCCC1,C9dna
C#CCC(=O)NC,C10dna
CNC(=O)COc1cccc2c1OC(C)(C)C2,C11dna
CCC1(C(=O)NC)CC1,C12dna
CNC(=O)CN1C=NC2C1C(=O)N(C)C(=O)N2C,C13dna
CNC(=O)c1ccc([N+](=O)[O-])c(Sc2ccc(Cl)cc2)c1,C14dna
CNC(=O)CCOC(C)C,C15dna
CNC(=O)c1cc(O)ccc1C,C16dna
CNC(=O)CN1C(=O)NC(C)(C)C1=O,C17dna
CNC(=O)COc1ccc(F)cc1,C18dna
CNC(=O)c1cccc(C2CCCN(C)C2)c1,C19dna
CNC(=O)c1nnn(C(C)(C)C)n1,C20dna
CNC(=O)COCC1CCOC1,C21dna
CNC(=O)c1cccc2cc[nH]c12,C22dna
CNC(=O)CCc1ccc(Br)cc1,C23dna
CNC(=O)CSCC(=O)N(C)C,C24dna
CNC(=O)C#CCC(C)(C)C,C25dna
CNC(=O)CS(=O)(=O)N1CCN(C)CC1,C26dna
CNC(=O)c1ccc(OC(C)c2ccccc2)nc1,C27dna
CNC(=O)C(OC)C(C)C,C28dna
CNC(=O)c1cc(Cl)c(-n2cccc2)cc1OC,C29dna
CNC(=O)C1=C[C@@H](O)[C@@H](O)[C@H](O)C1,C30dna
CNC(=O)c1cccc(S(C)(=O)=O)c1,C31dna
CNC(=O)CN1CCC(=O)NC1=O,C32dna
CNC(=O)CCc1ccc(O)cc1,C33dna
CNC(=O)COCC1CCCO1,C34dna
CNC(=O)c1nccnc1-c1nc2ccccc2s1,C35dna
CNC(=O)c1cnn(C(C)(C)C)c1C(F)(F)F,C36dna
CNC(=O)Cc1cc(OC)ccc1Br,C37dna
CNC(=O)C1(C)CC1,C38dna
CNC(=O)C1CCCCN1CC(=O)N(C)C1CCCCC1,C39dna
CNC(=O)COCc1ccccc1C,C40dna
CNC(=O)c1ccc2[nH]ncc2c1,C41dna
CNC(=O)C(C)N(C)CC(F)(F)F,C42dna
CNC(=O)CCc1ccc(C#N)cc1,C43dna
CNC(=O)c1ccc(NC(=O)Nc2ccccc2)s1,C44dna
CNC(=O)c1c(F)cccc1C(F)(F)F,C45dna
CNC(=O)CSCC1CCCO1,C46dna
CNC(=O)C(C)OC,C47dna
CNC(=O)Cn1ccc2c(=O)n(C)c(=O)n(C)c21,C48dna
CNC(=O)c1ccc(C)c(C)c1O,C49dna
CNC(=O)C1(C(F)(F)F)CC1,C50dna
CNC(=O)CCCN(C)C,C51dna
CNC(=O)c1cc(OC)c(OCc2ccccc2)cc1[N+](=O)[O-],C52dna
CNC(=O)c1cccc(S(=O)(=O)N2CC3(C)CC2CC(C)(C)C3)c1,C53dna
CNC(=O)c1cn(CC(=O)N(C)C)nn1,C54dna
CNC(=O)CCc1cccnc1,C55dna
CNC(=O)CN1CCc2sccc2C1,C56dna
CNC(=O)c1nc(-n2cnc3ccccc32)ccc1Cl,C57dna
C=CCC(C)(C)C(=O)NC,C58dna
CNC(=O)c1ccc(OC)cc1OC(C)C,C59dna
CNC(=O)CSC1CCS(=O)(=O)C1,C60dna
CCc1ccc(OCC(=O)NC)cc1,C61dna
CNC(=O)[C@@H]1CC[C@H](C(=O)N2CCCC2)O1,C62dna
CNC(=O)c1ccc2c(c1)CCC=C2,C63dna
CNC(=O)COCC1CC1,C64dna
CNC(=O)c1nccc2c1[nH]c1ccccc12,C65dna
CNC(=O)C1(C(N)=O)CC1,C66dna
CNC(=O)/C=C/c1cc(C)n(-c2ccnn2C(C)C)c1C,C67dna
CNC(=O)c1ccc(S(C)(=O)=O)cc1,C68dna
CNC(=O)CN1CCS(=O)(=O)CC1,C69dna
CCc1ccc(CCC(=O)NC)cc1,C70dna
CNC(=O)c1cc(O)ccc1F,C71dna
CNC(=O)CCNC(=O)NC12C[C@H]3C[C@@H](C1)C[C@@H](C2)C3,C72dna
CCC(C)(OC)C(=O)NC,C73dna
CNC(=O)CN1CC(=O)Nc2ccccc21,C74dna
CNC(=O)c1cc(-c2cccs2)nc2c1cnn2C(C)C,C75dna
CNC(=O)CCCc1ccccc1,C76dna
CNC(=O)CN(C)CC(C)(C)C,C77dna
CNC(=O)c1ccc(OC)cc1C,C78dna
CNC(=O)Cn1cc(C(N)=O)c(=O)[nH]c1=O,C79dna
CNC(=O)Cc1cc(Br)ccc1F,C80dna
CNC(=O)C1COCCN1C1CCCC1,C81dna
CNC(=O)COc1ccc(C#N)cc1,C82dna
CNC(=O)C=C(C1CC1)C1CC1,C83dna
CNC(=O)c1cccc(S(=O)(=O)N2CCN(C(C)=O)CC2)c1,C84dna
CNC(=O)c1cc(C(C)C)n(C(C)(C)C)n1,C85dna
C#CCCC(=O)NC,C86dna
CNC(=O)c1cccc(Br)c1C,C87dna
CNC(=O)c1cnc(C2(C)OCCO2)s1,C88dna
CNC(=O)CCc1ccc(C(C)C)cc1,C89dna
CNC(=O)c1cccnc1Nc1ccc(Cl)c(Cl)c1,C90dna
CNC(=O)[C@@H]1CC[C@H](C(=O)OC)C1,C91dna
CNC(=O)CN(C)S(=O)(=O)c1ccc(Cl)s1,C92dna
CNC(=O)c1cc(Cl)c(OC(C)C)c(OC)c1,C93dna
CNC(=O)C(C)(CO)CO,C94dna
CNC(=O)c1ccccc1CN1CCOCC1,C95dna
CNC(=O)C(C)OCC(C)C,C96dna
CNC(=O)c1c(F)ccc(O)c1O,C97dna
CNC(=O)CN1C(=O)NC(C)(c2ccc(C)cc2)C1=O,C98dna
CNC(=O)c1ncsc1Nc1ccccc1,C99dna
CNC(=O)COC1CCOCC1,C100dna
CNC([C@H](C=C)N)=O,B301dna
CC[C@@H](C(NC)=O)N,B302dna
CC[C@@H](C(NC)=O)N,B303dna
CCCC[C@@H](C(NC)=O)N,B304dna
CC(C[C@@H](C(NC)=O)N)=O,B305dna
CNC([C@H](CC(OC)=O)N)=O,B306dna
CC(C)C[C@@H](C(NC)=O)N,B307dna
CC(C)[C@@H](C(NC)=O)N,B308dna
CC(C)C[C@@H](C(O)=O)N,B301
CC(C)[C@@H](C(O)=O)N,B302
CC(C[C@@H](C(O)=O)N)=O,B303
CCCC[C@@H](C(O)=O)N,B304
CC[C@@H](C(O)=O)N,B305
CC[C@@H](C(O)=O)N,B306
C=C[C@@H](C(O)=O)N,B307
COC(C[C@@H](C(O)=O)N)=O,B308
CC(C)(C)OC(N[C@H](Cn1ncc2c1cccn2)C(O)=O)=O,B309
CC(C)(C)OC(N[C@H](Cc1ncncn1)C(O)=O)=O,B310
CC(C)(C)OC(N[C@H](Cc1ncncc1)C(O)=O)=O,B311
CC(C)(C)OC(N[C@H](Cc1nccnc1)C(O)=O)=O,B312
CC(C)(C)OC(N[C@H](Cc1nc2cncnc2cc1)C(O)=O)=O,B313
CC(C)(C)OC(N[C@H](Cc1nc2cnccc2cc1)C(O)=O)=O,B314
CC(C)(C)OC(N[C@H](Cc1cnncc1)C(O)=O)=O,B315
CC(C)(C)OC(N[C@H](Cc1cncnc1)C(O)=O)=O,B316
CC(C)(C)OC(N[C@H](Cc1cc2nccnc2cn1)C(O)=O)=O,B317
CC(C)(C)OC(N[C@H](Cc1cc2cncnc2cn1)C(O)=O)=O,B318
CC(C)(C)OC(N[C@H](Cc(cc1)ncc1F)C(O)=O)=O,B319
CC(C)(C)OC(N[C@H](Cc(cc1)ncc1Cl)C(O)=O)=O,B320
CC(C)(C)OC(N[C@H](CC1N=NN=N1)C(O)=O)=O,B321
CC(C)(C)OC(N[C@H](CC1N=NN=C1)C(O)=O)=O,B322
CC(C)(C)OC(N[C@H](CC1N=CN=C1)C(O)=O)=O,B323
CNC([C@@H](Cn1ncc2c1cccn2)N)=O,B309dna
CNC([C@@H](Cc1ncncn1)N)=O,B310dna
CNC([C@@H](Cc1ncncc1)N)=O,B311dna
CNC([C@@H](Cc1nccnc1)N)=O,B312dna
CNC([C@@H](Cc1nc2cncnc2cc1)N)=O,B313dna
CNC([C@@H](Cc1nc2cnccc2cc1)N)=O,B314dna
CNC([C@@H](Cc1cnncc1)N)=O,B315dna
CNC([C@@H](Cc1cncnc1)N)=O,B316dna
CNC([C@@H](Cc1cc2cncnc2cn1)N)=O,B317dna
CNC([C@@H](Cc1cc2nccnc2cn1)N)=O,B318dna
CNC([C@@H](Cc(cc1)ncc1F)N)=O,B319dna
CNC([C@@H](Cc(cc1)ncc1Cl)N)=O,B320dna
CNC([C@@H](CC1N=NN=N1)N)=O,B321dna
CNC([C@@H](CC1N=NN=C1)N)=O,B322dna
CNC([C@@H](CC1N=CN=C1)N)=O,B323dna
OC(c(cccn1)c1Oc1cnc2n1ccnc2)=O,C2001
CC(C)n(c1nc(-c2cncn2C)c2)ncc1c2C(O)=O,C2002
CNC([C@@](C1)(CC2)[C@@H]1CC2N)=O,B324dna
CNC([C@](CCC1)(C2)[C@H]1CC2N)=O,B325dna
CNC([C@@](CC1)(CC2)[C@@H]1C2N)=O,B326dna
CNC([C@](C1)(CC2)[C@H]1C2N)=O,B327dna
CNC([C@H]1[C@@H](C2)[C@H]1CC2N)=O,B328dna
CNC([C@H](C[C@@H](C1)C2)[C@H]1C2N)=O,B329dna
CNC([C@@H](C[C@H](CC1)C2)[C@]12N)=O,B330dna
CNC([C@@H](C1)C[C@@H](C2)[C@H]1CC2N)=O,B331dna
CNC([C@@H](C1)C1(C1)CC1N)=O,B332dna
CNC([C@@](C1)(C[C@@H]2C3)[C@@H]1[C@@H]3CC2N)=O,B333dna
CNC([C@H]([C@H]1C=C[C@@H]2C1)[C@H]2N)=O,B334dna
CNC([C@H]([C@@H]1C=C[C@H]2C1)[C@H]2N)=O,B335dna
CNC([C@H](C1)C(CCCC2)C2C1N)=O,B336dna
CNC([C@H](C1)[C@H]2[C@@H]1CCNC2)=O,B337dna
CNC([C@H]1N[C@@H](CCC2)[C@@H]2C1)=O,B338dna
CNC([C@H](C1(C[C@H](C2)C3)C[C@H]3C[C@H]2C1)N)=O,B339dna
CNC(C1[C@@H]2NC[C@H]1C2)=O,B340dna
CNC(C1[C@@H](CC2)N[C@@H]2C1)=O,B341dna
CNC(C1(CC2(CCC2)C1)N)=O,B342dna
CNC(C(CC1)(CCC1N)C1CCCCC1)=O,B343dna
CNC(C(CC1)(CCC1N)C1CC1)=O,B344dna
CNC([C@@H](C1)[C@H]1N)=O,B345dna
CNC([C@@H](CC1)[C@H]1N)=O,B346dna
CNC([C@H](CCC1)[C@H]1N)=O,B347dna
CNC([C@@H](CCC1)C[C@H]1N)=O,B348dna
CC(C)(C)OC(NC(CC1)C[C@H](C2)[C@@]12C(O)=O)=O,B324
CC(C)(C)OC(NC(C[C@H]1CCC2)C[C@]12C(O)=O)=O,B325
CC(C)(C)OC(NC(CC1)[C@H](CC2)[C@]12C(O)=O)=O,B326
CC(C)(C)OC(NC(CC1)[C@@H](C2)[C@@]12C(O)=O)=O,B327
CC(C)(C)OC(NC(C[C@@H]12)C[C@@H]2[C@@H]1C(O)=O)=O,B328
CC(C)(C)OC(NC(C[C@H](C1)C2)[C@@H]1[C@@H]2C(O)=O)=O,B329
CC(C)(C)OC(N[C@](CC1)(C[C@@H]1C1)[C@H]1C(O)=O)=O,B330
CC(C)(C)OC(NC1C[C@H](C[C@H](C2)C(O)=O)[C@H]2C1)=O,B331
CC(C)(C)OC(NC(C1)CC1(C1)[C@H]1C(O)=O)=O,B332
CC(C)(C)OC(NC(C[C@H](C1)[C@@H]2C3)[C@@H]1C[C@@]23C(O)=O)=O,B333
CC(C)(C)OC(N[C@@H]([C@@H]1C=C[C@H]2C1)[C@@H]2C(O)=O)=O,B334
CC(C)(C)OC(N[C@@H]([C@H]1C=C[C@@H]2C1)[C@@H]2C(O)=O)=O,B335
CC(C)(C)OC(NC(C1)C(CCCC2)C2[C@@H]1C(O)=O)=O,B336
CC(C)(C)OC(N(CC[C@@H]1C2)C[C@H]1[C@@H]2C(O)=O)=O,B337
CC(C)(C)OC(N([C@@H](CCC1)[C@@H]1C1)[C@@H]1C(O)=O)=O,B338
CC(C)(C)OC(N[C@@H](C1(C[C@H](C2)C3)C[C@H]3C[C@H]2C1)C(O)=O)=O,B339
CC(C)(C)OC(N(C[C@H]1C2)[C@H]2C1C(O)=O)=O,B340
CC(C)(C)OC(N([C@@H](CC1)C2)[C@H]1C2C(O)=O)=O,B341
CC(C)(C)OC(NC1(CC2(CCC2)C1)C(O)=O)=O,B342
CC(C)(C)OC(NC(CC1)CCC1(C1CCCCC1)C(O)=O)=O,B343
CC(C)(C)OC(NC(CC1)CCC1(C1CC1)C(O)=O)=O,B344
CC(C)(C)OC(N[C@@H](C1)[C@H]1C(O)=O)=O,B345
CC(C)(C)OC(N[C@@H](CC1)[C@H]1C(O)=O)=O,B346
CC(C)(C)OC(N[C@@H](CCC1)[C@@H]1C(O)=O)=O,B347
CC(C)(C)OC(N[C@@H](CCC1)C[C@H]1C(O)=O)=O,B348
CC(C)([C@@H](CC1)C2)[C@@]1(C(O)=O)C2=O,C2003
OC([C@H](CC1)CC[C@@H]1C1CCCCC1)=O,C2004
OC(C(CCCC1)[C@@H]1C1CCCC1)=O,C2005
OC(C(C[C@@H]1CCC2CCCCC2)CC1=O)=O,C2006
OC(C(CCC1)[C@@H]1C1CCCCC1)=O,C2007
O[C@](C[C@H](C1)C2)(C[C@@H]1C1)C[C@@]12C(O)=O,C2008
OC(C(C[C@H]1C2CCCCC2)CC1=O)=O,C2009
CN(C1CCCCC1)C(C[C@H](CCCC1)C1C(O)=O)=O,C2010
OC(C(CCC1)[C@@H]1C1CCCC1)=O,C2011
OC(C1[C@H](CC2)CC[C@H]2C1)=O,C2012
OC([C@H](CC1)CC[C@H]1C(C1CCCC1)=O)=O,C2013
OC(C1(CCC1)C1CCCCC1)=O,C2014
OC([C@H](CC1)C[C@H]1C(C1CCCC1)=O)=O,C2015
OC([C@H](CC1)CC[C@@H]1C(C1CCCCC1)=O)=O,C2016
OC(C[C@H]1[C@@H]2CC(C3)C[C@@H]1C[C@@H]3C2)=O,C2017
OC(CC1(C[C@H](C2)C3)C[C@H]3C[C@H]2C1)=O,C2018
OC(C1(CC1)C(C1CCCC1)=O)=O,C2019
OC([C@@H]1[C@@H](CC2)C[C@@H]2C1)=O,C2020
OC(C=C(C1CC1)C1CC1)=O,C2021
C[C@](CCC1)(CCC2)C[C@]12C(O)=O,C2022
OC(C1(CCCCC1)C1CCCCC1)=O,C2023
OC([C@H](CC1)CC[C@@H]1C1CC1)=O,C2024
OC([C@H]1CC[C@H](CC2CC2)CC1)=O,C2025
OC(C[C@H]1[C@H](CC2)C[C@H]2C1)=O,C2026
OC(C(CC1)[C@@H]1C1CCCC1)=O,C2027
O=C(O)[C@@H]1[C@@H]2C[C@H](C1)CC2,C3001
C1(C(=O)O)CCCCC1,C3002
C1(C(=O)O)CCCC1,C3003
C1(C(=O)O)CC1,C3004
C(C(=O)O)(C1CCCC1)C1CCCC1,C3005
C1(C(=O)O)CCCC1,C3006
C1(C(=O)O)CC1,C3007
C1(C(=O)O)CCC2C1CCCC2,C3008
C1(C(=O)O)C2C1CCC2,C3009
[C@@H]1(C(=O)O)C[C@@H]2C(C1)C2(C)C,C3010
C(=O)(O)C1CCC1,C3011
[C@@H]1(C(=O)O)CCC[C@H](C1)C1CC1,C3012
[C@H]1(C(=O)O)CC[C@@H](C1)C1CCC1,C3013
C(=O)(O)C1C[C@@H](C1)C1CCCCC1,C3014
C1(C(=O)O)CCCCCC1,C3015
C1(C(=O)O)CCCCCCC1,C3016
[C@@H]1(C(=O)O)CCC[C@@H]2C(CC1)C2(C)C,C3017
[C@@H]1(C(=O)O)CCC2C1CCCC2,C3018
O=C(O)[C@@]12C[C@@](CCC1)(CCC2)C,C3019
O=C(O)[C@H]1CC[C@@H](CC1)CC1CC1,C3020
O=C(O)[C@H]1CC[C@@H](CC1)CC1CCCC1,C3021
O=C(O)[C@H]1CC[C@H](CC1)C(=O)C1CCCC1,C3022
O=C(O)C1[C@H](C2CCCC2)CCC1,C3023
O=C(O)C[C@@H]1C2CC3CC1CC(C2)C3,C3024
C1C2(CC3CC1CC(C2)C3)C(=O)O,C3025
c1(ccccn1)C(=O)O,C3026
c1(cccnc1)C(=O)O,C3027
c1(cnccc1)C(=O)O,C3028
c1(ccncn1)C(=O)O,C3029
c1(nccnc1)C(=O)O,C3030
c1(cnccn1)C(=O)O,C3031
c1(ccc(cn1)c1ccccn1)C(=O)O,C3032
c1(ccc(nc1)c1ccccn1)C(=O)O,C3033
c1(ccc(nc1)c1ccncc1)C(=O)O,C3034
c1(ccc(nc1)c1cncnc1)C(=O)O,C3035
c1(ccc(nc1)c1cnccn1)C(=O)O,C3036
c1(ccc(nc1)c1cnccn1)C(=O)O,C3037
c1(ccc(nc1)C(=O)c1ccccc1)C(=O)O,C3038
c1(ccc(nc1)C(=O)c1ccccn1)C(=O)O,C3039
c1(ccc(nc1)C(=O)c1cccnc1)C(=O)O,C3040
c1(ccc(nc1)C(=O)c1ccncc1)C(=O)O,C3041
c1(ccc(nc1)Oc1ccncc1)C(=O)O,C3042
c1(ccc(nc1)Oc1ccccn1)C(=O)O,C3043
C(=O)(O)C(C(=O)c1ccccn1)c1ccncc1,C3044
C(=O)(O)C(C(=O)/C=C/c1cccnc1)c1ccncc1,C3045
C(=O)(O)C(C(=O)c1ccccn1)OC(=O)c1cnccc1,C3046
c1(ccc(nc1)Oc1ncccn1)C(=O)O,C3047
c1(ccc(nc1)C(=O)Nc1cnccc1)C(=O)O,C3048
c1(ccc(cn1)c1cncnc1)C(=O)O,C3049
C(=O)(O)C(C(=O)/C=C/c1ncccn1)c1cncnc1,C3050
c1(ccccc1)C(=O)O,C3051
c1(ccccc1)CC(=O)O,C3052
c1(ccc2c(c1)cccc2)C(=O)O,C3053
c1(ccc2c(c1)cccc2)CC(=O)O,C3054
c1(ccccc1c1ccccc1)C(=O)O,C3055
c1(cccc(c1)c1ccccc1)C(=O)O,C3056
c1(ccc(cc1)c1ccccc1)C(=O)O,C3057
C(=O)(O)C(C(=O)c1ccccc1)c1ccccc1,C3058
C(=O)(O)C(C(=O)/C=C/c1ccccc1)c1ccccc1,C3059
C(=O)(O)C(C(=O)c1ccccc1)OC(=O)c1ccccc1,C3060
c1(cccc(c1)C(=O)c1ccccc1)C(=O)O,C3061
c1(cccc(c1)Oc1ccccc1)C(=O)O,C3062
OC(=O)/C=C/c1ccccc1,C3063
OC(=O)/C=C/C(=O)c1ccccc1,C3064
OC(=O)/C=C/C(c1ccccc1)c1ccccc1,C3065
c1(cccc(c1)Cl)C(=O)O,C3066
c1(cccc(c1)Br)C(=O)O,C3067
c1(cc(cc(c1)Br)Cl)C(=O)O,C3068
c1(cccc(c1)C)C(=O)O,C3069
c1(cccc(c1)O)C(=O)O,C3070
c1(ccc(c(c1)OC)OC)C(=O)O,C3071
c1(ccc(c(c1)F)F)C(=O)O,C3072
c1(ccc(c(c1)Br)OC)C(=O)O,C3073
c1(cccc(c1)N)C(=O)O,C3074
c1(cccc(c1)C(C)C)C(=O)O,C3075
